product,province,period,price,basket
K,10,2018-02-28,33.54,2018
K,13,2018-11-08,34.46,2018
K,35,2018-03-23,53.23,2018
K,35,2018-05-19,57.1,2018
K,11,2019-01-11,31.81,2018
K,10,2018-04-19,26.63,2018
K,59,2018-02-20,97.74,2018
K,59,2018-07-11,117.17,2018
K,46,2018-11-07,98.79,2018
K,11,2018-11-27,28.88,2018
K,59,2018-07-11,118.27,2018
K,35,2019-01-11,90.18,2018
K,48,2018-08-12,84.9,2018
K,46,2018-09-06,86.33,2018
K,35,2018-05-19,61.43,2018
K,24,2018-03-14,49.5,2018
K,12,2018-05-02,33.14,2018
K,13,2018-12-08,37.16,2018
K,59,2018-04-10,126.57,2018
K,12,2018-03-23,36,2018
K,13,2018-07-02,35.85,2018
K,59,2018-06-04,103.53,2018
K,11,2019-01-11,32.37,2018
K,13,2018-12-08,37.09,2018
K,46,2018-06-04,84.82,2018
K,12,2018-06-08,33.26,2018
K,12,2018-06-08,34.32,2018
K,46,2018-06-04,91.14,2018
K,46,2018-05-13,82.78,2018
K,11,2018-09-04,32.84,2018
K,10,2018-08-11,37.88,2018
K,47,2019-01-26,83.14,2018
K,48,2018-07-02,98.47,2018
K,10,2019-01-15,37.3,2018
K,11,2018-09-04,31.93,2018
K,48,2018-01-27,96.07,2018
K,12,2018-10-29,38,2018
K,24,2019-01-04,50.42,2018
K,10,2018-02-28,33.72,2018
K,47,2018-12-20,91.67,2018
K,11,2018-07-19,31.64,2018
K,10,2018-02-28,34.43,2018
K,47,2018-12-20,90.32,2018
K,48,2018-02-04,78.87,2018
K,47,2018-02-16,77.82,2018
K,11,2018-11-27,28.59,2018
K,24,2018-08-20,56.74,2018
K,48,2018-10-25,70.15,2018
K,11,2018-06-15,33.55,2018
K,10,2018-08-11,37.2,2018
K,24,2018-04-02,61.8,2018
K,46,2018-10-20,91.3,2018
K,24,2018-09-27,42.15,2018
K,13,2018-03-16,36.08,2018
K,10,2018-03-04,32.3,2018
K,48,2018-03-05,126.62,2018
K,46,2018-04-02,75.43,2018
K,47,2018-08-25,78.09,2018
K,24,2018-06-03,62.44,2018
K,12,2018-02-04,33.01,2018
K,48,2018-04-14,84.06,2018
K,24,2018-02-17,42.53,2018
K,12,2018-10-29,37.15,2018
K,10,2019-01-15,36.63,2018
K,59,2018-02-20,99.49,2018
K,11,2018-01-24,35.33,2018
K,13,2018-06-01,35.42,2018
K,11,2018-01-24,35.32,2018
K,47,2019-01-26,84.11,2018
K,24,2018-04-02,54.27,2018
K,46,2018-02-08,67.75,2018
K,59,2019-01-28,104.83,2018
K,12,2018-06-08,33.56,2018
K,48,2018-10-25,82.24,2018
K,24,2018-10-27,49.67,2018
K,10,2018-01-06,31.95,2018
K,11,2018-08-08,40.54,2018
K,59,2018-09-09,97.8,2018
K,47,2018-12-20,84.27,2018
K,35,2018-05-19,58.9,2018
K,10,2018-11-29,30.18,2018
K,11,2018-03-07,37.81,2018
K,47,2018-03-20,65.31,2018
K,13,2018-10-21,41.36,2018
K,35,2018-01-09,84.17,2018
K,12,2019-01-29,35.54,2018
K,12,2018-03-23,38.14,2018
K,47,2019-01-26,75.44,2018
K,47,2018-12-20,90.83,2018
K,46,2018-06-04,82.19,2018
K,24,2018-02-17,44.82,2018
K,46,2018-11-07,93.65,2018
K,24,2018-10-27,50.92,2018
K,11,2018-07-19,32.14,2018
K,11,2018-08-08,38.1,2018
K,48,2018-07-02,85.84,2018
K,13,2018-09-02,32.5,2018
K,10,2018-09-19,30.61,2018
K,11,2018-11-27,30.37,2018
K,11,2018-04-19,31.18,2018
K,59,2018-03-28,102.8,2018
K,47,2018-08-25,79.97,2018
K,47,2018-03-20,59.95,2018
K,13,2018-11-08,37.56,2018
K,46,2019-01-12,91.37,2018
K,24,2018-06-03,55.85,2018
K,35,2018-08-07,68.03,2018
K,59,2019-01-28,98.32,2018
K,13,2019-01-09,40.52,2018
K,24,2018-06-03,60.09,2018
K,47,2018-05-12,63.04,2018
K,12,2018-03-23,36.68,2018
K,59,2018-09-09,97.36,2018
K,48,2018-09-27,76.23,2018
K,13,2018-09-02,32.36,2018
K,12,2018-06-08,33.4,2018
K,59,2018-01-06,110.78,2018
K,59,2018-03-28,95.48,2018
K,47,2018-08-25,74.74,2018
K,35,2018-05-19,59.23,2018
K,12,2018-03-23,36.81,2018
K,47,2018-02-16,75.74,2018
K,46,2018-06-04,76.86,2018
K,13,2018-04-08,32.46,2018
K,12,2018-04-19,30.41,2018
K,59,2018-02-20,102.81,2018
K,13,2018-02-21,41.44,2018
K,47,2018-09-26,76.91,2018
K,12,2018-04-19,31.61,2018
K,11,2018-11-27,28.58,2018
K,12,2018-04-19,33,2018
K,10,2018-12-24,31,2018
K,46,2019-01-12,87.21,2018
K,12,2018-06-08,34.09,2018
K,59,2018-12-05,100.99,2018
K,12,2018-07-28,34.11,2018
K,24,2018-04-02,59.8,2018
K,13,2018-09-02,30.59,2018
K,13,2018-01-22,42.15,2018
K,35,2019-01-11,92.04,2018
K,48,2018-06-25,102.16,2018
K,35,2018-02-11,77.34,2018
K,47,2018-11-21,81.27,2018
K,13,2018-10-21,41.99,2018
K,59,2018-12-05,121.4,2018
K,47,2018-01-28,67.7,2018
K,59,2018-03-28,92.27,2018
K,10,2018-07-22,33.49,2018
K,35,2018-08-07,70.4,2018
K,24,2018-01-07,62.45,2018
K,59,2018-09-09,76.12,2018
K,46,2018-05-13,76.7,2018
K,46,2018-11-07,105.17,2018
K,47,2018-01-28,71.63,2018
K,10,2019-01-15,37.4,2018
K,47,2018-03-20,59.03,2018
K,48,2018-08-12,88.62,2018
K,11,2018-04-19,30.16,2018
K,35,2018-10-01,56.86,2018
K,46,2018-11-07,94.39,2018
K,48,2018-02-04,84.09,2018
K,48,2018-11-29,82.66,2018
K,13,2018-08-29,41.23,2018
K,24,2018-02-17,37.93,2018
K,13,2018-08-29,42.51,2018
K,24,2018-10-27,54.7,2018
K,35,2018-01-09,78.55,2018
K,48,2018-08-12,75.02,2018
K,12,2018-09-25,32.2,2018
K,46,2018-09-06,68.46,2018
K,59,2018-03-28,99.28,2018
K,59,2018-02-20,99.93,2018
K,12,2018-01-06,36.28,2018
K,24,2018-06-03,59.32,2018
K,48,2018-05-20,110.51,2018
K,47,2018-03-20,60.88,2018
K,35,2018-12-15,69.46,2018
K,35,2018-08-07,74.01,2018
K,12,2019-01-29,36.55,2018
K,48,2018-04-14,79.19,2018
K,13,2018-10-21,40.92,2018
K,10,2018-06-11,33.62,2018
K,48,2018-03-05,125,2018
K,24,2018-06-03,63.8,2018
K,12,2018-01-06,33.64,2018
K,46,2018-02-08,59.5,2018
K,47,2018-02-16,80.2,2018
K,12,2018-02-04,36.07,2018
K,48,2018-09-27,80.72,2018
K,47,2018-09-26,89.65,2018
K,59,2018-11-27,112.03,2018
K,35,2018-09-14,78.74,2018
K,47,2018-11-21,83.13,2018
K,12,2018-08-31,43.22,2018
K,48,2018-12-31,85.47,2018
K,11,2018-02-16,35.25,2018
K,46,2018-01-03,72.81,2018
K,11,2018-06-15,32.39,2018
K,35,2018-06-10,89.93,2018
K,35,2018-06-10,79.77,2018
K,10,2018-10-26,34.5,2018
K,13,2018-11-08,35.12,2018
K,10,2018-11-29,31.03,2018
K,10,2018-08-11,36.72,2018
K,24,2018-11-19,60.63,2018
K,47,2018-07-03,85.13,2018
K,24,2018-06-03,60.4,2018
K,48,2018-02-04,93.04,2018
K,12,2018-02-04,34.58,2018
K,47,2018-04-01,84.27,2018
K,35,2018-10-01,59.46,2018
K,11,2018-10-12,40.52,2018
K,48,2018-05-20,109.58,2018
K,47,2018-11-21,85.97,2018
K,48,2018-02-04,83.21,2018
K,13,2018-03-16,39.55,2018
K,48,2018-09-27,90.38,2018
K,11,2018-09-04,32.49,2018
K,35,2018-08-07,73.63,2018
K,59,2018-02-20,91.57,2018
K,35,2018-04-15,74.7,2018
K,46,2018-10-20,85.77,2018
K,24,2018-03-14,52.52,2018
K,59,2018-11-27,128.22,2018
K,12,2019-01-29,35.93,2018
K,35,2018-11-07,79.21,2018
K,11,2018-09-04,31.56,2018
K,12,2018-12-29,40.48,2018
K,59,2018-05-29,103.87,2018
K,13,2018-10-21,40.71,2018
K,10,2018-06-11,33.03,2018
K,47,2018-11-21,82.93,2018
K,59,2019-01-28,102.4,2018
K,46,2018-11-07,81.28,2018
K,12,2018-05-02,32.49,2018
K,10,2019-01-15,40.64,2018
K,47,2018-10-24,99.98,2018
K,10,2018-04-19,27.47,2018
K,10,2018-08-11,38,2018
K,24,2018-06-03,60.03,2018
K,11,2018-05-15,31.3,2018
K,35,2018-11-07,72.36,2018
K,11,2018-02-16,35.61,2018
K,10,2018-11-29,32.5,2018
K,59,2018-02-20,104.69,2018
K,47,2018-04-01,90.96,2018
K,12,2018-11-21,34.89,2018
K,47,2018-07-03,67.16,2018
K,48,2019-01-27,85.51,2018
K,10,2019-01-15,38.56,2018
K,24,2018-04-02,54.21,2018
K,59,2018-04-10,109.37,2018
K,59,2018-04-10,119.09,2018
K,35,2018-07-30,72.69,2018
K,35,2018-02-11,83.85,2018
K,13,2018-07-02,32.65,2018
K,10,2019-01-15,37.42,2018
K,13,2018-10-21,40.43,2018
K,12,2018-01-06,35.45,2018
K,35,2018-11-07,69,2018
K,47,2018-11-21,74.29,2018
K,46,2018-06-04,77.92,2018
K,11,2018-12-24,33.74,2018
K,47,2018-04-01,76.78,2018
K,47,2018-12-20,99.22,2018
K,13,2018-10-21,39.36,2018
K,46,2018-11-07,94.02,2018
K,11,2018-07-19,32.51,2018
K,48,2018-06-25,94.04,2018
K,13,2018-11-08,36.03,2018
K,13,2018-04-08,30.36,2018
K,11,2018-07-19,32.48,2018
K,13,2018-04-08,32.11,2018
K,12,2018-05-02,30.27,2018
K,11,2019-01-11,31.27,2018
K,10,2018-05-31,26.09,2018
K,12,2018-07-28,35.02,2018
K,59,2018-09-09,92.52,2018
K,48,2018-02-04,88,2018
K,35,2018-05-19,55.57,2018
K,59,2019-01-28,98.76,2018
K,12,2018-01-06,34.12,2018
K,46,2018-10-20,75.11,2018
K,48,2018-09-27,82.77,2018
K,46,2018-09-06,86.01,2018
K,11,2018-05-15,31.05,2018
K,46,2018-06-04,86.71,2018
K,35,2018-09-14,67.43,2018
K,35,2018-11-07,77.52,2018
K,47,2018-03-20,66.9,2018
K,59,2018-05-29,104.67,2018
K,10,2018-04-19,27.12,2018
K,46,2018-12-02,63.98,2018
K,13,2018-06-01,36.76,2018
K,24,2018-12-29,54.2,2018
K,24,2018-10-27,50.87,2018
K,47,2018-02-16,85.28,2018
K,59,2018-10-23,84.47,2018
K,59,2018-01-06,108.87,2018
K,59,2018-01-06,114.67,2018
K,47,2019-01-26,89.08,2018
K,35,2018-01-09,81.15,2018
K,13,2018-10-21,41.4,2018
K,13,2018-04-08,32.67,2018
K,35,2018-05-19,59.67,2018
K,24,2018-01-07,65.69,2018
K,11,2018-03-07,39.37,2018
K,59,2018-03-28,102.45,2018
K,47,2018-03-20,66.05,2018
K,11,2018-02-16,36.05,2018
K,46,2018-03-23,82.02,2018
K,47,2018-07-03,83.32,2018
K,47,2019-01-26,77.42,2018
K,11,2019-01-11,31.81,2018
K,13,2018-09-02,33.14,2018
K,47,2018-01-28,72.13,2018
K,10,2018-05-31,29.83,2018
K,46,2018-10-20,94.63,2018
K,47,2018-12-20,106.08,2018
K,59,2018-11-27,120.76,2018
K,35,2018-06-10,78.85,2018
K,48,2018-08-12,108.87,2018
K,13,2018-04-08,31.7,2018
K,35,2018-06-10,74.64,2018
K,13,2018-09-02,31.32,2018
K,11,2018-12-24,31.7,2018
K,59,2018-05-29,107.3,2018
K,11,2018-03-07,38.22,2018
K,48,2018-09-27,95.59,2018
K,35,2018-11-07,72.41,2018
K,11,2018-11-27,30.23,2018
K,11,2018-04-19,31.21,2018
K,10,2018-12-24,32.43,2018
K,12,2018-02-04,35.92,2018
K,48,2018-10-25,84.46,2018
K,48,2018-02-04,100.4,2018
K,10,2018-11-29,31.33,2018
K,24,2018-08-20,55.2,2018
K,59,2018-05-29,97.22,2018
K,12,2019-01-29,34.39,2018
K,12,2018-08-31,45.32,2018
K,11,2018-08-08,39.23,2018
K,47,2018-05-12,65.01,2018
K,46,2018-05-13,84.08,2018
K,59,2018-11-27,121.32,2018
K,48,2018-03-05,121.72,2018
K,35,2018-01-09,83.31,2018
K,13,2018-09-02,31.71,2018
K,47,2018-05-12,62.19,2018
K,47,2018-11-21,80.74,2018
K,13,2018-12-08,37.15,2018
K,59,2018-06-04,110.72,2018
K,11,2018-09-04,30.24,2018
K,10,2019-01-15,38.22,2018
K,10,2018-01-06,31.92,2018
K,10,2018-11-29,30.07,2018
K,13,2018-11-08,37.97,2018
K,24,2019-01-04,44.63,2018
K,48,2018-04-14,79.49,2018
K,24,2018-06-03,68.77,2018
K,12,2018-11-21,34.57,2018
K,46,2019-01-12,85.28,2018
K,46,2018-07-29,93.85,2018
K,59,2019-01-28,100.02,2018
K,24,2018-08-20,59.07,2018
K,47,2019-01-26,80.06,2018
K,11,2018-08-08,39.28,2018
K,24,2018-06-03,58.45,2018
K,11,2018-08-08,38.82,2018
K,11,2018-12-24,32.59,2018
K,13,2018-10-21,37.58,2018
K,46,2018-03-23,86.16,2018
K,10,2018-06-11,33.21,2018
K,24,2019-01-04,48.67,2018
K,46,2018-01-03,72.03,2018
K,12,2018-07-28,34.74,2018
K,59,2018-06-04,103.43,2018
K,24,2018-09-27,38.3,2018
K,10,2018-04-19,27.26,2018
K,59,2018-11-27,125.07,2018
K,59,2018-12-05,104.67,2018
K,10,2018-07-22,31.98,2018
K,47,2018-07-03,84.09,2018
K,47,2018-09-26,85.1,2018
K,13,2018-08-29,42.02,2018
K,35,2018-12-15,72.09,2018
K,47,2018-05-12,61.11,2018
K,46,2018-11-07,102.73,2018
K,47,2018-01-28,88.3,2018
K,24,2018-10-27,45.36,2018
K,13,2018-10-21,40.11,2018
K,24,2019-01-04,44.1,2018
K,11,2018-08-08,41.65,2018
K,11,2018-08-08,42.82,2018
K,59,2018-11-27,129.62,2018
K,46,2018-05-13,82.07,2018
K,59,2018-05-29,99.01,2018
K,13,2018-07-02,34.47,2018
K,24,2018-03-14,52.29,2018
K,35,2018-06-10,78.43,2018
K,59,2019-01-28,108.05,2018
K,48,2018-07-02,98.56,2018
K,59,2018-06-04,105.7,2018
K,48,2018-01-27,102.86,2018
K,12,2018-07-28,34.03,2018
K,47,2018-05-12,59.03,2018
K,10,2018-09-19,32.43,2018
K,11,2018-07-19,33.59,2018
K,47,2018-05-12,71.24,2018
K,48,2019-01-27,93.04,2018
K,47,2018-05-12,67.36,2018
K,46,2018-10-20,86.94,2018
K,12,2018-09-25,31.46,2018
K,11,2018-09-04,31.46,2018
K,59,2018-03-28,93.42,2018
K,59,2018-09-09,95.55,2018
K,35,2018-11-07,75.38,2018
K,46,2018-06-04,72.56,2018
K,35,2018-08-07,74,2018
K,35,2019-01-11,82.61,2018
K,47,2018-03-20,60.2,2018
K,48,2018-03-05,151.85,2018
K,10,2018-11-29,29.98,2018
K,11,2018-09-04,31.26,2018
K,13,2018-01-22,39.47,2018
K,48,2018-12-31,67.93,2018
K,12,2018-03-23,37.84,2018
K,10,2019-01-15,38.75,2018
K,35,2018-11-07,72.37,2018
K,46,2018-03-23,98.54,2018
K,46,2018-10-20,98.84,2018
K,47,2018-06-26,63.67,2018
K,11,2018-05-15,32.08,2018
K,10,2018-04-19,27.1,2018
K,13,2018-07-02,34.13,2018
K,47,2018-02-16,76.69,2018
K,10,2018-06-11,32.06,2018
K,46,2018-10-20,98.6,2018
K,10,2018-08-11,38.32,2018
K,59,2018-07-11,111.11,2018
K,13,2018-09-02,32.59,2018
K,47,2018-12-20,93.03,2018
K,10,2018-08-11,37.95,2018
K,13,2018-08-29,40.29,2018
K,59,2018-03-28,99.85,2018
K,13,2018-11-08,35.77,2018
K,11,2018-08-08,40.22,2018
K,48,2018-11-29,72.93,2018
K,48,2018-06-25,92.82,2018
K,10,2018-08-11,37.11,2018
K,24,2018-07-28,40.39,2018
K,35,2018-11-07,74.27,2018
K,47,2018-12-20,100.72,2018
K,24,2018-01-07,65.29,2018
K,35,2018-11-07,72.53,2018
K,59,2018-07-11,115.34,2018
K,11,2018-08-08,37.65,2018
K,13,2018-12-08,38.27,2018
K,46,2018-12-02,82.24,2018
K,12,2018-02-04,32.49,2018
K,13,2018-07-02,35.24,2018
K,46,2018-12-02,76.58,2018
K,47,2018-10-24,113.17,2018
K,13,2018-05-04,33.12,2018
K,10,2018-06-11,34.76,2018
K,35,2019-01-11,89.85,2018
K,10,2018-03-04,32.19,2018
K,10,2018-09-19,31.44,2018
K,10,2018-06-11,32.42,2018
K,46,2018-05-13,91.61,2018
K,48,2018-05-20,107.64,2018
K,13,2018-10-21,41.42,2018
K,24,2018-06-03,60.03,2018
K,35,2018-01-09,84.21,2018
K,46,2018-07-29,78.08,2018
K,46,2018-05-13,77.75,2018
K,47,2018-12-20,91.3,2018
K,11,2018-04-19,31.08,2018
K,13,2018-12-08,36.71,2018
K,48,2018-05-20,110.68,2018
K,46,2018-02-08,71.68,2018
K,11,2018-05-15,31.11,2018
K,24,2018-05-18,51.9,2018
K,47,2018-07-03,72.13,2018
K,10,2018-01-06,31.88,2018
K,11,2018-04-19,29.29,2018
K,35,2018-07-30,71.96,2018
K,46,2018-08-17,92.68,2018
K,13,2018-04-08,32.87,2018
K,12,2018-04-19,32.12,2018
K,48,2018-12-31,82.9,2018
K,47,2018-07-03,83.69,2018
K,48,2018-06-25,97.8,2018
K,46,2018-01-03,70.86,2018
K,46,2018-09-06,80.28,2018
K,24,2018-03-14,45.17,2018
K,59,2018-10-23,93.45,2018
K,47,2018-02-16,84.1,2018
K,13,2018-12-08,38.1,2018
K,46,2018-11-07,99.61,2018
K,48,2018-11-29,86.16,2018
K,10,2018-09-19,30.58,2018
K,24,2018-06-03,58.9,2018
K,24,2018-11-19,53.83,2018
K,12,2018-03-23,39.51,2018
K,11,2019-01-11,32.58,2018
K,47,2018-09-26,74.58,2018
K,59,2018-06-04,111.78,2018
K,47,2019-01-26,82.99,2018
K,24,2018-07-28,39.77,2018
K,12,2018-12-29,39.75,2018
K,59,2018-01-06,109.8,2018
K,24,2018-06-03,61.27,2018
K,47,2018-10-24,94.07,2018
K,59,2018-10-23,92.74,2018
K,48,2018-03-05,111.21,2018
K,59,2018-07-11,114.48,2018
K,47,2018-06-26,76.7,2018
K,59,2018-11-27,123.4,2018
K,13,2018-06-01,37.88,2018
K,13,2019-01-09,40.18,2018
K,10,2018-10-26,32.77,2018
K,24,2019-01-04,47.5,2018
K,59,2018-02-20,94.39,2018
K,46,2018-02-08,69.55,2018
K,47,2018-04-01,76.48,2018
K,46,2018-12-02,74.75,2018
K,47,2018-12-20,88.61,2018
K,10,2018-11-29,30.15,2018
K,47,2018-11-21,76.74,2018
K,48,2018-12-31,84.17,2018
K,46,2018-12-02,72.78,2018
K,24,2018-03-14,52.52,2018
K,48,2018-09-27,75.17,2018
K,48,2018-08-12,88.22,2018
K,10,2018-01-06,33.27,2018
K,35,2019-01-11,88.17,2018
K,11,2018-03-07,36.33,2018
K,48,2018-01-27,107.74,2018
K,24,2018-06-03,59.54,2018
K,48,2018-10-25,76.24,2018
K,35,2018-05-19,59.36,2018
K,47,2018-05-12,68.7,2018
K,46,2018-02-08,65.51,2018
K,10,2018-06-11,32.82,2018
K,59,2018-09-09,93.25,2018
K,11,2018-05-15,30.17,2018
K,12,2018-02-04,34.06,2018
K,10,2018-05-31,26.75,2018
K,10,2018-05-31,27.79,2018
K,59,2018-06-04,107.2,2018
K,48,2018-10-25,71.83,2018
K,47,2018-04-01,72.83,2018
K,46,2018-02-08,64.99,2018
K,11,2018-08-08,39.65,2018
K,24,2018-01-07,63.47,2018
K,12,2018-03-23,38.65,2018
K,47,2018-11-21,94.69,2018
K,13,2018-11-08,36.39,2018
K,59,2018-07-11,109.59,2018
K,12,2018-06-08,33.98,2018
K,12,2018-04-19,33.95,2018
K,12,2018-05-02,31.41,2018
K,10,2018-04-19,27.21,2018
K,11,2018-07-19,33.03,2018
K,11,2018-02-16,36.48,2018
K,24,2018-04-02,60.17,2018
K,12,2018-05-02,30.55,2018
K,47,2018-07-03,75.27,2018
K,59,2018-04-10,111.75,2018
K,48,2018-09-27,82,2018
K,24,2018-04-02,56.67,2018
K,10,2018-01-06,33.24,2018
K,47,2019-01-26,76.2,2018
K,59,2018-09-09,90.69,2018
K,12,2018-05-02,32.12,2018
K,59,2018-11-27,134.94,2018
K,12,2018-06-08,33.78,2018
K,48,2018-07-02,87.47,2018
K,13,2018-11-08,36.45,2018
K,24,2018-02-17,42.8,2018
K,12,2018-06-08,34.03,2018
K,11,2018-07-19,31.99,2018
K,12,2018-01-06,34.93,2018
K,11,2018-07-19,32.47,2018
K,48,2018-02-04,82.96,2018
K,46,2018-05-13,92.98,2018
K,13,2018-05-04,33.5,2018
K,24,2018-03-14,49.35,2018
K,24,2018-12-29,56.5,2018
K,46,2018-07-29,84.47,2018
K,46,2018-12-02,75.99,2018
K,35,2018-12-15,70.89,2018
K,46,2018-01-03,68.82,2018
K,10,2018-11-29,30.98,2018
K,10,2018-03-04,32.12,2018
K,46,2018-01-03,69.23,2018
K,11,2019-01-11,33.88,2018
K,11,2018-02-16,33.3,2018
K,59,2018-06-04,103.46,2018
K,24,2018-03-14,53.69,2018
K,48,2018-11-29,76.66,2018
K,12,2018-02-04,33.64,2018
K,47,2018-03-20,72.96,2018
K,11,2018-01-24,35.96,2018
K,11,2018-12-24,32.56,2018
K,12,2018-03-23,37.7,2018
K,13,2018-11-08,34.69,2018
K,12,2018-06-08,32.79,2018
K,10,2018-02-28,33.04,2018
K,48,2018-10-25,66.78,2018
K,24,2018-11-19,54.96,2018
K,47,2019-01-26,71.69,2018
K,13,2018-12-08,36.72,2018
K,35,2018-12-15,71.95,2018
K,12,2018-01-06,32.54,2018
K,35,2018-06-10,82.11,2018
K,11,2018-10-12,38.56,2018
K,59,2018-09-09,97.99,2018
K,47,2018-04-01,81.05,2018
K,35,2018-06-10,72.49,2018
K,12,2018-02-04,34.88,2018
K,13,2018-07-02,34.75,2018
K,48,2018-07-02,84.28,2018
K,12,2018-12-29,42.1,2018
K,59,2018-09-09,95.48,2018
K,48,2018-07-02,90.3,2018
K,47,2018-09-26,90.26,2018
K,10,2018-06-11,34.39,2018
K,11,2018-12-24,31.96,2018
K,11,2018-08-08,38.5,2018
K,12,2018-10-29,38.85,2018
K,10,2018-11-29,30.15,2018
K,24,2018-10-27,57.27,2018
K,48,2018-12-31,73.02,2018
K,35,2018-04-15,70.24,2018
K,48,2018-07-02,97.05,2018
K,24,2018-01-07,63.94,2018
K,59,2018-08-13,99.64,2018
K,59,2018-05-29,104.58,2018
K,10,2018-06-11,33.03,2018
K,48,2018-05-20,99.04,2018
K,35,2018-07-30,80.79,2018
K,47,2018-12-20,89.7,2018
K,11,2018-02-16,35.31,2018
K,46,2018-05-13,87.15,2018
K,46,2018-03-23,95.87,2018
K,13,2018-12-08,37.07,2018
K,46,2018-12-02,78.6,2018
K,46,2018-11-07,101.93,2018
K,11,2018-09-04,29.67,2018
K,13,2018-04-08,29.28,2018
K,11,2018-03-07,37.37,2018
K,48,2018-12-31,76.49,2018
K,13,2018-02-21,40.76,2018
K,35,2018-09-14,67.66,2018
K,12,2018-07-28,33.57,2018
K,12,2018-01-06,33.52,2018
K,10,2018-06-11,32,2018
K,12,2018-07-28,34.56,2018
K,12,2018-11-21,34.71,2018
K,59,2018-12-05,92.48,2018
K,59,2018-04-10,114.31,2018
K,13,2018-11-08,35.97,2018
K,12,2018-01-06,32.64,2018
K,35,2018-08-07,77.91,2018
K,59,2018-10-23,93.68,2018
K,59,2018-06-04,105.96,2018
K,35,2018-05-19,58.69,2018
K,46,2018-01-03,72.28,2018
K,24,2018-02-17,44.48,2018
K,12,2018-11-21,33.97,2018
K,46,2018-02-08,69.05,2018
K,24,2018-11-19,52.22,2018
K,24,2018-09-27,40.73,2018
K,24,2018-12-29,49.13,2018
K,48,2018-09-27,91.03,2018
K,11,2018-08-08,38.51,2018
K,24,2018-01-07,60.2,2018
K,10,2018-04-19,27.1,2018
K,24,2018-12-29,53.16,2018
K,11,2018-08-08,37.59,2018
K,24,2018-05-18,50.2,2018
K,35,2018-05-19,62.58,2018
K,59,2018-11-27,122.72,2018
K,48,2018-08-12,90.82,2018
K,10,2018-04-19,26.47,2018
K,59,2018-06-04,104.05,2018
K,46,2018-06-04,82.76,2018
K,10,2018-11-29,32.23,2018
K,59,2019-01-28,114.14,2018
K,11,2018-03-07,37.7,2018
K,35,2018-07-30,73.59,2018
K,12,2018-10-29,36.37,2018
K,35,2018-07-30,78.29,2018
K,59,2018-03-28,96.37,2018
K,35,2018-01-09,75.98,2018
K,46,2018-12-02,71.25,2018
K,12,2019-01-29,35.72,2018
K,10,2018-07-22,33.79,2018
K,46,2018-12-02,81.81,2018
K,10,2018-01-06,32.26,2018
K,11,2018-12-24,30.92,2018
K,35,2018-10-01,61.3,2018
K,11,2018-04-19,30.86,2018
K,46,2019-01-12,78.37,2018
K,10,2018-11-29,30.37,2018
K,10,2018-04-19,26.64,2018
K,48,2018-10-25,60.25,2018
K,12,2018-03-23,37.8,2018
K,24,2019-01-04,46.94,2018
K,11,2018-09-04,30.45,2018
K,59,2018-09-09,85.13,2018
K,24,2018-10-27,52.04,2018
K,48,2018-09-27,86.67,2018
K,12,2018-03-23,36.28,2018
K,35,2018-09-14,68.73,2018
K,11,2018-03-07,38.97,2018
K,11,2018-09-04,32.15,2018
K,10,2018-08-11,38.43,2018
K,10,2019-01-15,39.29,2018
K,13,2018-01-22,40.7,2018
K,48,2018-11-29,81.32,2018
K,13,2018-07-02,35.72,2018
K,48,2019-01-27,82.92,2018
K,35,2018-05-19,60.44,2018
K,59,2018-01-06,111.1,2018
K,46,2018-12-02,77.89,2018
K,13,2018-09-02,30.43,2018
K,11,2018-10-12,38.08,2018
K,13,2018-11-08,35.74,2018
K,11,2018-02-16,34.28,2018
K,10,2018-04-19,27.54,2018
K,12,2018-03-23,37.45,2018
K,10,2018-05-31,29.3,2018
K,11,2018-12-24,30.64,2018
K,13,2018-01-22,42.6,2018
K,47,2018-03-20,73.15,2018
K,46,2018-10-20,85.87,2018
K,46,2018-12-02,65.97,2018
K,48,2018-12-31,72.81,2018
K,59,2018-03-28,103.26,2018
K,48,2018-02-04,87.37,2018
K,13,2018-11-08,37.1,2018
K,46,2018-11-07,93.96,2018
K,46,2018-06-04,82.93,2018
K,46,2018-02-08,74.76,2018
K,46,2018-10-20,88.66,2018
K,12,2018-12-29,38.91,2018
K,12,2018-05-02,32.12,2018
K,24,2018-10-27,48.33,2018
K,59,2018-08-13,98.59,2018
K,10,2018-04-19,26.33,2018
K,12,2018-10-29,38.69,2018
K,46,2018-05-13,89.73,2018
K,48,2018-02-04,83.79,2018
K,35,2018-06-10,80.98,2018
K,46,2018-11-07,94.63,2018
K,10,2018-05-31,28.12,2018
K,48,2018-06-25,96.06,2018
K,10,2019-01-15,39.88,2018
K,59,2018-07-11,121.48,2018
K,11,2018-03-07,38.46,2018
K,10,2018-08-11,36.96,2018
K,35,2018-02-11,79.29,2018
K,11,2018-09-04,31.6,2018
K,10,2018-09-19,31.41,2018
K,24,2018-11-19,54.81,2018
K,46,2018-01-03,78.89,2018
K,59,2018-02-20,98.98,2018
K,59,2018-08-13,98.66,2018
K,11,2018-11-27,29.74,2018
K,12,2018-06-08,33.9,2018
K,48,2018-04-14,86.94,2018
K,46,2018-10-20,85.54,2018
K,35,2018-04-15,75.13,2018
K,48,2018-10-25,73.51,2018
K,48,2018-09-27,80.39,2018
K,24,2018-11-19,56.85,2018
K,59,2018-03-28,98.4,2018
K,12,2018-07-28,35.24,2018
K,13,2018-03-16,37.2,2018
K,10,2018-05-31,28.33,2018
K,11,2019-01-11,32.77,2018
K,48,2018-06-25,88.31,2018
K,11,2018-10-12,38.42,2018
K,46,2018-03-23,84.02,2018
K,47,2018-02-16,73,2018
K,46,2018-02-08,73.54,2018
K,48,2018-08-12,92,2018
K,35,2018-10-01,63.32,2018
K,48,2018-02-04,90.67,2018
K,47,2018-03-20,65.58,2018
K,13,2018-06-01,36.83,2018
K,13,2018-07-02,34.78,2018
K,47,2018-12-20,79.97,2018
K,35,2018-11-07,77.8,2018
K,47,2018-07-03,80.55,2018
K,12,2018-08-31,40.73,2018
K,59,2018-03-28,93.01,2018
K,12,2019-01-29,35.66,2018
K,24,2018-11-19,54.82,2018
K,11,2019-01-11,31.53,2018
K,46,2018-01-03,71.6,2018
K,11,2018-11-27,31.99,2018
K,59,2018-10-23,91.54,2018
K,46,2018-05-13,85.53,2018
K,47,2018-04-01,78.31,2018
K,24,2018-08-20,57.94,2018
K,46,2018-08-17,110.19,2018
K,46,2018-03-23,104.27,2018
K,11,2018-07-19,30.86,2018
K,35,2018-05-19,61.08,2018
K,59,2018-05-29,97.49,2018
K,35,2018-02-11,76.88,2018
K,11,2018-12-24,32.85,2018
K,46,2018-05-13,78.34,2018
K,24,2019-01-04,47.62,2018
K,13,2019-01-09,41.44,2018
K,46,2019-01-12,85,2018
K,48,2018-05-20,97.81,2018
K,35,2018-02-11,78.94,2018
K,59,2018-11-27,133.89,2018
K,35,2018-06-10,79.82,2018
K,10,2018-01-06,32.11,2018
K,46,2019-01-12,77.46,2018
K,11,2018-10-12,37.6,2018
K,10,2018-12-24,34.4,2018
K,12,2018-07-28,34.36,2018
K,11,2018-11-27,28.32,2018
K,24,2018-03-14,60.73,2018
K,11,2018-12-24,31.38,2018
K,24,2018-03-14,53.08,2018
K,47,2018-05-12,63.33,2018
K,46,2018-02-08,67.6,2018
K,24,2018-01-07,59.67,2018
K,12,2018-08-31,43.54,2018
K,11,2018-05-15,30.78,2018
K,46,2018-05-13,79.9,2018
K,11,2019-01-11,32.96,2018
K,24,2018-11-19,60.56,2018
K,11,2018-04-19,29.58,2018
K,59,2018-09-09,93.22,2018
K,11,2018-04-19,30.14,2018
K,12,2018-06-08,32.76,2018
K,12,2018-02-04,35.1,2018
K,10,2018-06-11,34.23,2018
K,48,2018-09-27,85,2018
K,10,2018-12-24,34.09,2018
K,47,2018-04-01,71.03,2018
K,47,2019-01-26,90.81,2018
K,12,2018-11-21,38.77,2018
K,11,2018-01-24,35.16,2018
K,35,2018-10-01,64.36,2018
K,24,2018-06-03,58.74,2018
K,48,2018-11-29,83.22,2018
K,11,2018-11-27,28.35,2018
K,12,2018-02-04,33.37,2018
K,10,2018-08-11,38.08,2018
K,48,2019-01-27,97.36,2018
K,11,2018-06-15,32.15,2018
K,35,2018-07-30,73.06,2018
K,47,2018-07-03,74.6,2018
K,24,2019-01-04,49.3,2018
K,47,2018-12-20,94.69,2018
K,35,2018-05-19,62.43,2018
K,46,2018-06-04,82.75,2018
K,24,2018-12-29,56.57,2018
K,11,2019-01-11,31.81,2018
K,24,2018-06-03,67.88,2018
K,10,2018-11-29,30.56,2018
K,59,2018-12-05,98.71,2018
K,47,2019-01-26,77.78,2018
K,35,2018-12-15,69.62,2018
K,11,2018-02-16,36.36,2018
K,11,2018-12-24,34.27,2018
K,24,2018-04-02,59.29,2018
K,11,2018-03-07,37.22,2018
K,59,2018-11-27,137.01,2018
K,24,2018-08-20,59.49,2018
K,24,2018-12-29,50.96,2018
K,35,2018-10-01,57.9,2018
K,48,2018-09-27,93.39,2018
K,35,2018-03-23,57.88,2018
K,47,2018-11-21,78.5,2018
K,48,2018-08-12,79.88,2018
K,12,2018-03-23,36.81,2018
K,47,2019-01-26,72.6,2018
K,46,2018-02-08,70.09,2018
K,46,2019-01-12,80.27,2018
K,48,2018-12-31,79.25,2018
K,10,2018-11-29,31.45,2018
K,59,2018-02-20,104.79,2018
K,10,2018-08-11,37.33,2018
K,10,2018-11-29,31.11,2018
K,24,2018-06-03,56.84,2018
K,46,2018-10-20,90.67,2018
K,35,2018-08-07,71.39,2018
K,59,2018-06-04,97.92,2018
K,46,2018-06-04,83.91,2018
K,11,2018-04-19,29.69,2018
K,48,2018-09-27,80.59,2018
K,47,2018-11-21,84.12,2018
K,12,2018-06-08,32.88,2018
K,47,2018-02-16,81.64,2018
K,35,2018-09-14,67.65,2018
K,10,2018-09-19,31.94,2018
K,35,2018-04-15,82.44,2018
K,46,2018-11-07,115.77,2018
K,48,2019-01-27,100.89,2018
K,35,2018-01-09,83.97,2018
K,11,2018-12-24,31.79,2018
K,48,2018-01-27,104.19,2018
K,11,2018-04-19,30.69,2018
K,48,2018-12-31,75,2018
K,47,2018-04-01,82.89,2018
K,24,2018-12-29,53.54,2018
K,48,2018-07-02,76.37,2018
K,11,2018-01-24,36.84,2018
K,13,2018-09-02,31.3,2018
K,12,2018-12-29,38.56,2018
K,35,2018-02-11,77.73,2018
K,10,2018-08-11,37,2018
K,24,2018-09-27,37.59,2018
K,12,2018-07-28,34.76,2018
K,12,2019-01-29,35.49,2018
K,35,2018-07-30,69.87,2018
K,10,2018-11-29,30.54,2018
K,10,2018-07-22,30.6,2018
K,47,2018-01-28,77.7,2018
K,47,2018-12-20,90.01,2018
K,24,2018-09-27,40.58,2018
K,24,2018-03-14,56.37,2018
K,59,2018-07-11,119.22,2018
K,46,2018-12-02,67.74,2018
K,47,2018-07-03,71.18,2018
K,10,2018-10-26,32.73,2018
K,11,2018-10-12,36.03,2018
K,48,2019-01-27,83.7,2018
K,48,2018-07-02,93.32,2018
K,46,2018-08-17,82.55,2018
K,10,2018-07-22,32.99,2018
K,59,2018-05-29,94.28,2018
K,35,2018-12-15,57.89,2018
K,47,2018-07-03,94.38,2018
K,48,2018-08-12,93.52,2018
K,10,2018-01-06,32.01,2018
K,13,2018-09-02,31.61,2018
K,59,2018-09-09,105.7,2018
K,10,2018-04-19,26.92,2018
K,59,2018-11-27,133.06,2018
K,12,2018-04-19,32.08,2018
K,47,2018-07-03,80.18,2018
K,47,2018-05-12,69.7,2018
K,59,2018-01-06,110.64,2018
K,47,2019-01-26,78.5,2018
K,48,2018-03-05,140.53,2018
K,47,2018-07-03,83.15,2018
K,59,2018-05-29,101.15,2018
K,47,2018-02-16,76.8,2018
K,11,2018-04-19,31.19,2018
K,24,2018-11-19,56.51,2018
K,10,2018-05-31,29.16,2018
K,59,2018-06-04,107.63,2018
K,59,2018-11-27,126.61,2018
K,10,2018-12-24,31.97,2018
K,48,2018-07-02,82.91,2018
K,35,2019-01-11,95.88,2018
K,35,2018-11-07,80.32,2018
K,47,2018-12-20,91.09,2018
K,48,2019-01-27,105.47,2018
K,10,2018-06-11,31.44,2018
K,12,2018-02-04,36.6,2018
K,59,2018-06-04,103.74,2018
K,59,2018-09-09,92.98,2018
K,24,2018-10-27,50.61,2018
K,48,2018-11-29,82.7,2018
K,13,2018-03-16,37.08,2018
K,24,2018-08-20,54.49,2018
K,13,2018-10-21,40.93,2018
K,35,2018-04-15,79.14,2018
K,46,2018-07-29,91.79,2018
K,11,2018-07-19,33.76,2018
K,24,2018-07-28,39.29,2018
K,12,2018-03-23,40.41,2018
K,12,2018-11-21,36.03,2018
K,10,2018-01-06,30.84,2018
K,59,2018-03-28,106.26,2018
K,11,2019-01-11,32.27,2018
K,46,2018-10-20,80.43,2018
K,47,2018-09-26,86.31,2018
K,10,2018-05-31,27.65,2018
K,12,2018-07-28,35,2018
K,24,2018-01-07,63.18,2018
K,46,2018-05-13,80.03,2018
K,11,2018-12-24,31.14,2018
K,13,2018-11-08,37.94,2018
K,48,2019-01-27,84.93,2018
K,48,2018-11-29,78.21,2018
K,48,2018-04-14,76.64,2018
K,12,2018-06-08,35.42,2018
K,13,2018-06-01,36.38,2018
K,10,2018-04-19,27.78,2018
K,35,2018-08-07,69.46,2018
K,10,2018-09-19,32.54,2018
K,48,2018-01-27,120.58,2018
K,11,2019-01-11,32.22,2018
K,10,2018-03-04,33.79,2018
K,24,2018-03-14,46.91,2018
K,46,2018-12-02,71.12,2018
K,46,2018-05-13,85.55,2018
K,10,2018-08-11,36.99,2018
K,48,2018-04-14,80.51,2018
K,10,2018-03-04,34.34,2018
K,10,2018-04-19,26.86,2018
K,12,2019-01-29,35.84,2018
K,48,2018-06-25,95.14,2018
K,11,2018-07-19,31.07,2018
K,12,2018-06-08,34.79,2018
K,24,2018-06-03,60.76,2018
K,46,2018-01-03,71.02,2018
K,47,2018-09-26,84.41,2018
K,46,2018-11-07,98.11,2018
K,12,2019-01-29,35.81,2018
K,24,2018-11-19,59.58,2018
K,48,2018-08-12,83.42,2018
K,35,2018-05-19,64.82,2018
K,59,2018-03-28,106.29,2018
K,46,2018-06-04,80.6,2018
K,12,2018-03-23,37.41,2018
K,24,2018-03-14,49.15,2018
K,59,2018-11-27,127.28,2018
K,46,2018-10-20,93.48,2018
K,59,2018-11-27,122.72,2018
K,24,2018-07-28,41.52,2018
K,11,2018-06-15,32.96,2018
K,46,2018-10-20,88.52,2018
K,10,2018-07-22,31.09,2018
K,10,2018-12-24,33.83,2018
K,59,2018-09-09,87.96,2018
K,35,2018-08-07,71.15,2018
K,47,2018-05-12,64.4,2018
K,46,2018-05-13,77.83,2018
K,13,2018-11-08,35.5,2018
K,10,2018-06-11,33.92,2018
K,11,2018-07-19,31.59,2018
K,11,2018-11-27,30.04,2018
K,24,2018-03-14,45.84,2018
K,48,2018-01-27,99.7,2018
K,59,2018-07-11,125.74,2018
K,13,2018-01-22,41.33,2018
K,11,2018-04-19,29.63,2018
K,24,2018-10-27,52.75,2018
K,11,2018-03-07,37.75,2018
K,46,2018-12-02,72.55,2018
K,59,2018-06-04,111,2018
K,12,2018-07-28,32.68,2018
K,10,2019-01-15,37.7,2018
K,48,2018-11-29,82.11,2018
K,11,2018-04-19,30.88,2018
K,24,2018-01-07,63.69,2018
K,48,2019-01-27,102.9,2018
K,59,2018-11-27,120.7,2018
K,47,2018-07-03,84.98,2018
K,48,2018-01-27,109.13,2018
K,46,2018-07-29,91.98,2018
K,48,2019-01-27,86.75,2018
K,13,2018-12-08,38.46,2018
K,59,2018-09-09,102.99,2018
K,12,2018-04-19,31.19,2018
K,35,2018-06-10,83.77,2018
K,13,2018-12-08,38.86,2018
K,35,2018-02-11,72.87,2018
K,48,2018-12-31,73.01,2018
K,10,2018-11-29,31.78,2018
K,24,2018-05-18,46.88,2018
K,47,2018-09-26,79.11,2018
K,10,2018-02-28,35.53,2018
K,10,2018-09-19,31.36,2018
K,13,2018-07-02,34.03,2018
K,48,2018-01-27,106.56,2018
K,46,2018-08-17,95.97,2018
K,59,2019-01-28,105.47,2018
K,35,2018-07-30,83.4,2018
K,35,2018-02-11,85.1,2018
K,35,2018-02-11,82.69,2018
K,11,2018-08-08,39.46,2018
K,48,2018-01-27,103.18,2018
K,48,2018-11-29,87.34,2018
K,24,2018-11-19,53.69,2018
K,47,2018-08-25,70.06,2018
K,48,2018-12-31,74.34,2018
K,35,2018-11-07,80.9,2018
K,24,2018-10-27,51.67,2018
K,59,2018-09-09,88.91,2018
K,35,2018-01-09,80.01,2018
K,47,2018-02-16,82.54,2018
K,47,2018-10-24,94.28,2018
K,24,2018-07-28,42.19,2018
K,35,2018-09-14,79.4,2018
K,47,2018-05-12,58.67,2018
K,10,2018-07-22,32.1,2018
K,13,2019-01-09,40.45,2018
K,12,2018-03-23,38.22,2018
K,13,2018-10-21,40.04,2018
K,13,2018-02-21,40.95,2018
K,59,2018-07-11,120.96,2018
K,35,2018-03-23,58.42,2018
K,12,2018-04-19,32.12,2018
K,35,2018-05-19,59.5,2018
K,48,2018-02-04,96.52,2018
K,35,2018-10-01,60.59,2018
K,11,2018-03-07,36.32,2018
K,47,2018-05-12,68.12,2018
K,11,2018-03-07,37.14,2018
K,46,2018-02-08,70.94,2018
K,12,2018-10-29,36.84,2018
K,48,2018-12-31,66.21,2018
K,35,2018-02-11,74.2,2018
K,35,2018-02-11,75.05,2018
K,13,2018-03-16,33.81,2018
K,48,2018-11-29,67.43,2018
K,10,2018-05-31,27.39,2018
K,13,2018-12-08,39.05,2018
K,11,2018-07-19,31.37,2018
K,48,2018-09-27,87.52,2018
K,11,2018-04-19,30.13,2018
K,46,2018-03-23,95.9,2018
K,48,2018-05-20,112.31,2018
K,48,2018-02-04,78.32,2018
K,59,2018-07-11,117.61,2018
K,11,2018-01-24,36.44,2018
K,59,2018-11-27,122.48,2018
K,47,2018-11-21,87.11,2018
K,59,2018-07-11,114.74,2018
K,46,2018-11-07,101.38,2018
K,11,2018-08-08,39.62,2018
K,59,2018-02-20,109.29,2018
K,47,2018-06-26,73.41,2018
K,59,2018-11-27,121.65,2018
K,59,2019-01-28,99.55,2018
K,59,2018-09-09,85.29,2018
K,35,2018-11-07,77.82,2018
K,10,2018-01-06,32.17,2018
K,46,2018-10-20,86.62,2018
K,12,2018-05-02,32.63,2018
K,12,2018-06-08,33.49,2018
K,35,2018-09-14,66.07,2018
K,13,2019-01-09,40.36,2018
K,35,2018-03-23,59.25,2018
K,10,2019-01-15,39.14,2018
K,48,2018-09-27,84.83,2018
K,35,2018-11-07,72.06,2018
K,46,2018-05-13,97.15,2018
K,46,2018-11-07,98.74,2018
K,11,2018-02-16,35.53,2018
K,59,2018-02-20,104.94,2018
K,13,2018-02-21,39.89,2018
K,59,2019-01-28,103.31,2018
K,35,2018-01-09,85.3,2018
K,11,2018-06-15,33.28,2018
K,13,2018-03-16,36.34,2018
K,11,2018-05-15,31.57,2018
K,11,2018-03-07,37.2,2018
K,35,2018-05-19,67.11,2018
K,12,2018-05-02,32.15,2018
K,46,2018-11-07,98.65,2018
K,48,2018-11-29,80.44,2018
K,59,2019-01-28,97.71,2018
K,24,2018-05-18,53.73,2018
K,11,2018-12-24,32.77,2018
K,35,2018-09-14,70.19,2018
K,10,2019-01-15,38.09,2018
K,11,2018-03-07,38.42,2018
K,35,2018-04-15,73.47,2018
K,11,2019-01-11,31.19,2018
K,13,2018-12-08,39.47,2018
K,47,2018-06-26,71.77,2018
K,12,2018-07-28,34.69,2018
K,24,2019-01-04,48.45,2018
K,11,2018-12-24,31.74,2018
K,10,2018-01-06,33.2,2018
K,12,2018-09-25,31.17,2018
K,11,2018-03-07,38.7,2018
K,47,2018-01-28,74.71,2018
K,35,2018-03-23,56.27,2018
K,24,2018-12-29,53.73,2018
K,46,2018-09-06,71.68,2018
K,47,2018-03-20,66.93,2018
K,10,2018-04-19,26.54,2018
K,12,2018-01-06,33.33,2018
K,10,2018-11-29,30.26,2018
K,59,2018-08-13,94.85,2018
K,13,2018-11-08,35.19,2018
K,11,2018-08-08,41.38,2018
K,48,2018-11-29,82.4,2018
K,12,2018-02-04,32.1,2018
K,24,2018-08-20,59.87,2018
K,46,2018-04-02,75.79,2018
K,46,2018-10-20,87.76,2018
K,48,2018-09-27,83.15,2018
K,11,2018-07-19,31.43,2018
K,35,2018-02-11,79.46,2018
K,12,2019-01-29,36.81,2018
K,13,2018-05-04,30.98,2018
K,59,2018-10-23,108.2,2018
K,13,2018-08-29,43.11,2018
K,59,2018-11-27,120.23,2018
K,46,2018-03-23,83.72,2018
K,59,2018-07-11,115.29,2018
K,59,2018-02-20,100.3,2018
K,24,2018-01-07,60.44,2018
K,11,2018-06-15,33.97,2018
K,13,2018-04-08,30.93,2018
K,46,2018-11-07,91.76,2018
K,10,2019-01-15,36.57,2018
K,59,2018-05-29,109.55,2018
K,24,2018-07-28,43.89,2018
K,24,2018-12-29,57.11,2018
K,46,2018-11-07,93.42,2018
K,47,2018-03-20,72.43,2018
K,48,2018-11-29,91.52,2018
K,11,2019-01-11,31.99,2018
K,59,2018-02-20,99.05,2018
K,46,2018-06-04,80.11,2018
K,47,2018-03-20,69.75,2018
K,12,2018-03-23,37.26,2018
K,47,2018-10-24,98.41,2018
K,46,2018-05-13,90.36,2018
K,46,2018-07-29,107.68,2018
K,24,2018-01-07,67.91,2018
K,48,2018-11-29,88.41,2018
K,48,2018-07-02,90.45,2018
K,46,2018-04-02,76.35,2018
K,24,2018-11-19,54.02,2018
K,46,2018-03-23,89.62,2018
K,59,2019-01-28,108.66,2018
K,47,2018-11-21,87.86,2018
K,11,2018-09-04,29.57,2018
K,24,2018-07-28,35.98,2018
K,24,2018-03-14,52.16,2018
K,35,2018-01-09,79.84,2018
K,59,2018-07-11,116.02,2018
K,35,2019-01-11,94.49,2018
K,11,2019-01-11,31.84,2018
K,10,2018-12-24,34.07,2018
K,12,2018-04-19,31.07,2018
K,13,2018-06-01,35.95,2018
K,47,2018-09-26,82.65,2018
K,48,2018-07-02,98.68,2018
K,24,2018-01-07,58.5,2018
K,47,2018-05-12,57.25,2018
K,46,2018-02-08,65.49,2018
K,24,2018-01-07,62.75,2018
K,59,2018-12-05,103.04,2018
K,46,2018-12-02,61.25,2018
K,11,2018-12-24,32.53,2018
K,47,2018-01-28,74.26,2018
K,10,2018-10-26,34.66,2018
K,59,2018-02-20,101.75,2018
K,47,2018-04-01,74.61,2018
K,11,2019-01-11,31.9,2018
K,46,2018-02-08,63.14,2018
K,11,2018-02-16,36.01,2018
K,13,2018-08-29,41.95,2018
K,11,2018-12-24,32.16,2018
K,24,2018-08-20,49.79,2018
K,13,2018-05-04,34.35,2018
K,48,2019-01-27,86.38,2018
K,12,2018-02-04,35.21,2018
K,59,2018-02-20,105.48,2018
K,59,2019-01-28,105.35,2018
K,46,2018-04-02,76.99,2018
K,48,2018-03-05,110.4,2018
K,10,2018-08-11,36.71,2018
K,48,2018-04-14,75.45,2018
K,46,2018-10-20,88.22,2018
K,48,2018-12-31,77.81,2018
K,46,2018-02-08,72.02,2018
K,47,2018-10-24,102,2018
K,10,2018-11-29,32.07,2018
K,35,2018-02-11,70.52,2018
K,48,2018-01-27,100.91,2018
K,59,2018-03-28,94.05,2018
K,59,2019-01-28,110.39,2018
K,11,2018-02-16,36.38,2018
K,12,2018-04-19,31.42,2018
K,11,2018-07-19,31.01,2018
K,35,2018-03-23,56.39,2018
K,10,2018-11-29,30.15,2018
K,10,2018-06-11,33.83,2018
K,48,2018-08-12,83.4,2018
K,47,2019-01-26,76.35,2018
K,35,2018-06-10,75.83,2018
K,13,2018-01-22,43.26,2018
K,10,2018-02-28,33.77,2018
K,11,2018-08-08,39.51,2018
K,11,2018-11-27,28.9,2018
K,24,2018-09-27,39,2018
K,46,2018-04-02,74.81,2018
K,11,2018-06-15,31.7,2018
K,12,2018-11-21,35.04,2018
K,59,2018-12-05,102.27,2018
K,11,2019-01-11,33.04,2018
K,10,2018-06-11,32.88,2018
K,24,2018-05-18,52.03,2018
K,24,2018-06-03,64.09,2018
K,59,2018-01-06,111.33,2018
K,10,2018-03-04,33.35,2018
K,48,2018-05-20,113.66,2018
K,11,2018-04-19,31.78,2018
K,35,2018-08-07,69.71,2018
K,48,2018-02-04,81.7,2018
K,12,2018-04-19,32.35,2018
K,12,2018-06-08,32.97,2018
K,11,2018-02-16,35.25,2018
K,12,2018-09-25,31.35,2018
K,12,2018-02-04,35,2018
K,12,2018-07-28,33.39,2018
K,48,2018-05-20,123.84,2018
K,48,2018-08-12,89.54,2018
K,10,2019-01-15,37.4,2018
K,46,2018-01-03,76.08,2018
K,11,2018-12-24,31.41,2018
K,48,2018-10-25,65.19,2018
K,35,2018-12-15,67.04,2018
K,48,2019-01-27,106.31,2018
K,12,2019-01-29,37.58,2018
K,12,2019-01-29,37.16,2018
K,48,2018-02-04,77.39,2018
K,46,2018-05-13,85.29,2018
K,11,2018-02-16,34.68,2018
K,46,2018-03-23,86.63,2018
K,13,2018-11-08,34.55,2018
K,47,2018-02-16,74.33,2018
K,13,2018-07-02,34.41,2018
K,13,2018-10-21,39.01,2018
K,35,2018-06-10,80.5,2018
K,59,2018-01-06,106.24,2018
K,48,2018-10-25,65.6,2018
K,47,2018-07-03,86.36,2018
K,10,2018-05-31,28.64,2018
K,13,2018-11-08,35.33,2018
K,35,2018-07-30,74.01,2018
K,13,2018-02-21,40.36,2018
K,35,2018-02-11,77.23,2018
K,48,2018-11-29,71.92,2018
K,48,2018-07-02,83.09,2018
K,11,2019-01-11,32.95,2018
K,59,2018-06-04,109.11,2018
K,46,2018-05-13,82.47,2018
K,11,2019-01-11,33.53,2018
K,46,2018-06-04,81.64,2018
K,35,2018-04-15,80.88,2018
K,59,2018-02-20,103.14,2018
K,47,2018-12-20,97.99,2018
K,13,2018-04-08,32.77,2018
K,24,2018-05-18,54.3,2018
K,46,2018-06-04,89.21,2018
K,10,2018-03-04,32.4,2018
K,48,2018-02-04,90.85,2018
K,59,2018-02-20,106.22,2018
K,59,2018-01-06,124.1,2018
K,48,2018-05-20,113.22,2018
K,46,2018-08-17,94.76,2018
K,11,2018-07-19,32.1,2018
K,35,2018-10-01,64.16,2018
K,47,2018-04-01,69.36,2018
K,35,2018-08-07,68.75,2018
K,11,2018-07-19,30.33,2018
K,48,2018-11-29,74.82,2018
K,59,2018-07-11,123.38,2018
K,46,2018-03-23,95.66,2018
K,35,2019-01-11,85.03,2018
K,59,2018-03-28,99.91,2018
K,13,2018-08-29,40.44,2018
K,47,2018-05-12,68.51,2018
K,11,2018-07-19,33.08,2018
K,35,2018-11-07,78.09,2018
K,46,2018-04-02,83.08,2018
K,11,2018-04-19,30.79,2018
K,12,2018-07-28,34.87,2018
K,12,2018-06-08,32.25,2018
K,46,2018-12-02,66.32,2018
K,47,2018-12-20,89.57,2018
K,47,2019-01-26,80.05,2018
K,59,2018-01-06,119.6,2018
K,48,2018-11-29,78.88,2018
K,59,2018-02-20,109.2,2018
K,24,2018-08-20,55.33,2018
K,47,2018-11-21,75.83,2018
K,59,2018-06-04,115.84,2018
K,48,2019-01-27,105.06,2018
K,13,2018-12-08,37.24,2018
K,47,2018-05-12,63.16,2018
K,59,2018-05-29,108.89,2018
K,59,2018-01-06,120.79,2018
K,11,2018-11-27,28.92,2018
K,48,2018-04-14,85.86,2018
K,48,2018-12-31,63.37,2018
K,10,2018-01-06,29.96,2018
K,12,2018-11-21,35.8,2018
K,24,2018-04-02,58.79,2018
K,59,2018-06-04,105.89,2018
K,10,2018-10-26,34.33,2018
K,47,2019-01-26,92.15,2018
K,59,2018-06-04,109.06,2018
K,48,2018-02-04,74.75,2018
K,10,2018-04-19,26.96,2018
K,12,2018-03-23,37.91,2018
K,35,2018-03-23,55.15,2018
K,59,2018-08-13,91.67,2018
K,12,2018-08-31,42.8,2018
K,48,2018-10-25,68.4,2018
K,10,2018-06-11,31.28,2018
K,13,2018-10-21,37.85,2018
K,48,2018-08-12,86.79,2018
K,46,2018-02-08,62.74,2018
K,24,2018-10-27,50.5,2018
K,59,2018-10-23,93.14,2018
K,35,2018-11-07,76.51,2018
K,11,2018-04-19,30.91,2018
K,12,2018-01-06,33.35,2018
K,48,2018-10-25,70.18,2018
K,13,2018-01-22,41.5,2018
K,24,2019-01-04,45.96,2018
K,35,2018-02-11,80.95,2018
K,35,2018-09-14,68.1,2018
K,46,2018-11-07,87.45,2018
K,47,2018-09-26,78.44,2018
K,24,2018-04-02,54.21,2018
K,48,2018-10-25,66.01,2018
K,11,2018-08-08,40.34,2018
K,12,2018-04-19,31.94,2018
K,12,2018-04-19,32.21,2018
K,13,2018-03-16,36.52,2018
K,12,2018-10-29,38.79,2018
K,47,2018-02-16,73.27,2018
K,24,2018-09-27,37.76,2018
K,24,2018-01-07,64.8,2018
K,10,2018-11-29,31.37,2018
K,12,2018-03-23,36.23,2018
K,24,2018-01-07,66.69,2018
K,46,2018-02-08,64.27,2018
K,12,2018-07-28,33.42,2018
K,48,2018-03-05,115.46,2018
K,48,2018-11-29,80.93,2018
K,12,2018-02-04,33.74,2018
K,10,2018-07-22,32.78,2018
K,48,2018-05-20,100.81,2018
K,48,2018-02-04,87.9,2018
K,24,2018-01-07,63.52,2018
K,24,2018-08-20,58.31,2018
K,11,2018-12-24,32.57,2018
K,59,2018-12-05,102.18,2018
K,48,2018-09-27,84.47,2018
K,48,2018-08-12,96.31,2018
K,13,2018-01-22,40.58,2018
K,11,2018-12-24,31.89,2018
K,48,2018-10-25,74.33,2018
K,59,2018-07-11,120.23,2018
K,35,2018-12-15,65.97,2018
K,47,2019-01-26,78.35,2018
K,13,2018-01-22,41.84,2018
K,10,2018-02-28,33.17,2018
K,12,2018-06-08,34.16,2018
K,46,2018-04-02,66.67,2018
K,46,2019-01-12,93.61,2018
K,48,2018-11-29,77.54,2018
K,48,2018-02-04,100.1,2018
K,13,2018-05-04,33.53,2018
K,11,2018-02-16,36.87,2018
K,10,2018-04-19,27.73,2018
K,13,2018-10-21,40.61,2018
K,59,2018-09-09,84.46,2018
K,35,2018-08-07,69.79,2018
K,10,2018-02-28,35.23,2018
K,47,2018-03-20,67.77,2018
K,12,2019-01-29,36.74,2018
K,13,2018-07-02,33.99,2018
K,46,2018-02-08,63.5,2018
K,35,2018-05-19,60.67,2018
K,46,2018-12-02,64.1,2018
K,10,2018-06-11,32.41,2018
K,24,2018-06-03,64.82,2018
K,59,2018-10-23,96.88,2018
K,13,2018-08-29,41.23,2018
K,24,2018-08-20,52.95,2018
K,47,2018-02-16,86.72,2018
K,24,2018-11-19,59.17,2018
K,11,2018-12-24,31.03,2018
K,10,2018-10-26,32.28,2018
K,46,2018-02-08,69.76,2018
K,47,2018-04-01,73.02,2018
K,11,2018-02-16,34.24,2018
K,59,2018-11-27,120.18,2018
K,11,2018-02-16,34.91,2018
K,10,2018-12-24,33.41,2018
K,59,2018-07-11,112.59,2018
K,11,2018-01-24,37.26,2018
K,47,2018-03-20,66.33,2018
K,48,2018-01-27,107.85,2018
K,59,2018-12-05,100.87,2018
K,10,2018-01-06,31.94,2018
K,47,2018-04-01,73.39,2018
K,12,2018-04-19,31.37,2018
K,24,2018-09-27,37.31,2018
K,35,2018-01-09,77.11,2018
K,35,2018-08-07,77.26,2018
K,12,2018-05-02,31.84,2018
K,48,2018-07-02,96.31,2018
K,46,2018-01-03,72.54,2018
K,47,2018-04-01,85.12,2018
K,12,2018-10-29,37.06,2018
K,11,2018-01-24,36.65,2018
K,46,2018-04-02,79,2018
K,12,2018-04-19,31.96,2018
K,13,2018-10-21,41.01,2018
K,48,2018-09-27,79.71,2018
K,35,2018-05-19,59.55,2018
K,48,2018-02-04,96.94,2018
K,48,2018-01-27,108.54,2018
K,47,2018-03-20,63.45,2018
K,48,2018-03-05,127.2,2018
K,47,2018-03-20,78.05,2018
K,24,2018-01-07,62.23,2018
K,12,2018-07-28,32.8,2018
K,11,2018-02-16,35.7,2018
K,10,2018-10-26,33.35,2018
K,13,2018-12-08,39.29,2018
K,46,2018-05-13,79.92,2018
K,59,2018-12-05,90.5,2018
K,10,2018-10-26,34.43,2018
K,13,2018-09-02,32.87,2018
K,10,2018-02-28,32.67,2018
K,10,2018-12-24,32.3,2018
K,46,2018-02-08,80.96,2018
K,11,2018-11-27,29.06,2018
K,47,2019-01-26,89.56,2018
K,13,2018-12-08,39.41,2018
K,13,2018-03-16,36.52,2018
K,11,2018-09-04,30.77,2018
K,35,2018-06-10,75.76,2018
K,47,2018-06-26,82.58,2018
K,12,2018-11-21,33.57,2018
K,35,2018-09-14,68.04,2018
K,24,2018-11-19,57.07,2018
K,59,2018-09-09,101.37,2018
K,24,2018-11-19,52.06,2018
K,12,2018-03-23,37.91,2018
K,47,2018-08-25,71.09,2018
K,10,2018-01-06,31.34,2018
K,24,2019-01-04,47.74,2018
K,48,2018-02-04,98.28,2018
K,47,2018-06-26,78.48,2018
K,59,2018-01-06,119.43,2018
K,10,2018-09-19,32.24,2018
K,48,2018-12-31,74.91,2018
K,24,2018-11-19,56.35,2018
K,13,2018-12-08,38.49,2018
K,10,2018-06-11,32.47,2018
K,24,2018-05-18,48.06,2018
K,59,2018-03-28,94.8,2018
K,47,2018-07-03,79.83,2018
K,13,2018-12-08,38.72,2018
K,59,2018-01-06,114.67,2018
K,35,2018-10-01,61.04,2018
K,47,2018-04-01,72.07,2018
K,35,2018-04-15,76.69,2018
K,35,2018-09-14,69.2,2018
K,10,2018-04-19,27.59,2018
K,47,2018-02-16,77.86,2018
K,10,2018-04-19,28.41,2018
K,11,2018-09-04,33.78,2018
K,47,2018-07-03,85.39,2018
K,10,2019-01-15,40.87,2018
K,47,2018-10-24,101.48,2018
K,13,2018-10-21,42.62,2018
K,48,2019-01-27,93.67,2018
K,59,2018-07-11,128.11,2018
K,48,2018-03-05,122.95,2018
K,12,2018-01-06,31.6,2018
K,11,2018-07-19,32.76,2018
K,35,2018-05-19,61.25,2018
K,13,2018-09-02,32.05,2018
K,10,2019-01-15,37.8,2018
K,11,2018-07-19,32.28,2018
K,46,2018-12-02,71.44,2018
K,47,2018-10-24,105.74,2018
K,13,2018-08-29,42.11,2018
K,10,2018-05-31,28.11,2018
K,10,2018-01-06,32.19,2018
K,13,2018-06-01,36.18,2018
K,11,2018-02-16,35.92,2018
K,24,2018-03-14,49.57,2018
K,48,2018-10-25,62.94,2018
K,12,2018-03-23,39.31,2018
K,10,2018-12-24,34.05,2018
K,48,2018-05-20,102.37,2018
K,59,2018-06-04,106.34,2018
K,59,2018-12-05,97.49,2018
K,11,2018-04-19,30.95,2018
K,12,2018-02-04,33.04,2018
K,11,2018-04-19,30.24,2018
K,48,2018-10-25,73.9,2018
K,47,2018-05-12,66,2018
K,46,2018-01-03,78.6,2018
K,11,2018-11-27,29.7,2018
K,24,2018-01-07,65.49,2018
K,13,2018-01-22,41.88,2018
K,46,2018-07-29,100.8,2018
K,11,2018-08-08,40.64,2018
K,24,2018-10-27,47.63,2018
K,48,2018-12-31,84.38,2018
K,46,2018-03-23,95.74,2018
K,35,2018-08-07,75.59,2018
K,24,2018-09-27,40.96,2018
K,47,2019-01-26,71.52,2018
K,11,2018-08-08,38.67,2018
K,13,2018-07-02,35.93,2018
K,12,2018-09-25,31.94,2018
K,35,2018-03-23,56.88,2018
K,10,2019-01-15,39.35,2018
K,11,2018-02-16,34.1,2018
K,24,2018-11-19,59.26,2018
K,11,2018-05-15,31.92,2018
K,10,2018-02-28,33.72,2018
K,48,2018-12-31,77.56,2018
K,46,2019-01-12,83.08,2018
K,11,2019-01-11,31.33,2018
K,13,2018-12-08,38.53,2018
K,10,2018-05-31,27.41,2018
K,13,2019-04-16,36.3,2019
K,10,2019-03-13,35.97,2019
K,47,2019-08-22,89.11,2019
K,47,2019-10-10,100.39,2019
K,47,2019-02-11,66.59,2019
K,35,2019-04-29,65.85,2019
K,11,2019-01-11,32.22,2019
K,10,2019-10-24,29.64,2019
K,24,2019-09-17,53.61,2019
K,24,2019-06-21,58.75,2019
K,10,2019-08-07,31.78,2019
K,47,2019-10-10,99.35,2019
K,10,2019-10-24,30.26,2019
K,59,2019-05-03,91.26,2019
K,35,2019-03-07,78.68,2019
K,11,2019-07-01,42.15,2019
K,10,2019-07-28,40.1,2019
K,47,2019-10-10,96.68,2019
K,47,2019-04-10,96.07,2019
K,35,2019-05-15,74.6,2019
K,35,2019-12-16,84.25,2019
K,24,2019-01-04,44.1,2019
K,11,2019-01-11,31.27,2019
K,11,2019-06-24,42.81,2019
K,11,2019-07-01,43.29,2019
K,12,2019-07-27,45.19,2019
K,47,2019-08-22,89.1,2019
K,46,2019-05-06,97.01,2019
K,46,2019-08-01,103.73,2019
K,24,2019-10-10,48.14,2019
K,35,2019-11-17,56.69,2019
K,35,2019-11-17,59.85,2019
K,59,2019-02-13,123.05,2019
K,24,2019-06-21,59.04,2019
K,47,2019-10-10,93.13,2019
K,10,2019-03-13,36.31,2019
K,35,2019-03-07,73.68,2019
K,47,2019-03-16,92.05,2019
K,11,2019-04-20,31.99,2019
K,46,2019-05-06,99.22,2019
K,12,2019-07-27,44.38,2019
K,10,2019-08-07,30.24,2019
K,35,2019-04-29,65.98,2019
K,59,2019-10-12,103.84,2019
K,11,2019-02-23,30.72,2019
K,46,2019-07-06,80.64,2019
K,13,2019-06-28,41.86,2019
K,47,2019-06-26,70.49,2019
K,59,2019-02-13,108.84,2019
K,59,2019-05-03,92.13,2019
K,59,2019-11-28,75.27,2019
K,59,2019-12-03,109.46,2019
K,47,2019-05-25,84.22,2019
K,59,2019-06-26,95.5,2019
K,48,2019-01-27,102.9,2019
K,11,2019-03-28,37.75,2019
K,10,2019-10-24,30.24,2019
K,35,2019-12-16,79.04,2019
K,24,2019-06-21,60.45,2019
K,59,2019-05-03,104.32,2019
K,12,2019-12-07,29.63,2019
K,46,2019-02-09,77.32,2019
K,10,2019-12-31,29.12,2019
K,10,2019-08-07,32.14,2019
K,10,2019-08-07,30.67,2019
K,35,2019-07-12,66.18,2019
K,48,2019-11-07,82.53,2019
K,46,2019-03-22,113.33,2019
K,48,2019-07-31,89.21,2019
K,48,2019-12-31,97.58,2019
K,59,2019-11-28,74.01,2019
K,59,2019-02-13,120.95,2019
K,35,2019-10-18,69.32,2019
K,35,2019-03-07,83.9,2019
K,59,2019-02-13,117.46,2019
K,59,2019-08-08,111.33,2019
K,48,2019-12-31,85.34,2019
K,11,2019-01-11,32.37,2019
K,46,2019-03-22,103.37,2019
K,13,2019-04-16,35.66,2019
K,35,2019-10-18,77.82,2019
K,46,2019-07-06,75.84,2019
K,48,2019-01-27,83.7,2019
K,24,2019-06-21,55.84,2019
K,11,2019-03-28,36.34,2019
K,59,2019-07-31,100.76,2019
K,12,2019-04-13,33.72,2019
K,46,2019-06-08,95.65,2019
K,24,2019-12-08,51.63,2019
K,12,2019-04-13,33.78,2019
K,46,2019-01-12,77.46,2019
K,10,2019-10-24,29.28,2019
K,12,2019-06-20,38.71,2019
K,48,2019-12-31,87.65,2019
K,11,2019-09-02,33.17,2019
K,12,2019-02-17,31.84,2019
K,24,2019-06-21,60.52,2019
K,12,2019-10-25,33.61,2019
K,12,2019-06-20,37.74,2019
K,10,2019-12-31,29.65,2019
K,24,2019-04-21,49.84,2019
K,47,2019-08-22,86.39,2019
K,24,2019-10-10,54.58,2019
K,12,2019-01-29,34.39,2019
K,13,2019-12-09,37.66,2019
K,12,2019-04-13,33.63,2019
K,59,2019-11-28,72.39,2019
K,48,2019-08-29,97.83,2019
K,35,2019-04-29,64,2019
K,11,2019-03-28,35.27,2019
K,11,2019-07-01,41.02,2019
K,46,2019-09-20,92.75,2019
K,46,2019-04-09,100.73,2019
K,35,2019-09-26,76.12,2019
K,12,2019-10-25,33.12,2019
K,24,2019-11-11,61.95,2019
K,10,2019-03-13,36.39,2019
K,46,2019-05-06,98.72,2019
K,47,2019-06-26,78.59,2019
K,13,2019-04-16,37.3,2019
K,10,2019-11-23,28.54,2019
K,59,2019-01-28,108.05,2019
K,11,2019-07-01,42.81,2019
K,46,2019-10-16,93.38,2019
K,13,2019-07-21,43.48,2019
K,12,2019-01-29,35.54,2019
K,59,2019-09-23,87.56,2019
K,12,2019-09-27,40.72,2019
K,11,2019-02-23,32.55,2019
K,47,2019-06-26,67.41,2019
K,46,2019-06-08,93.4,2019
K,11,2019-11-21,32.91,2019
K,59,2019-02-13,111.64,2019
K,10,2019-03-13,38.41,2019
K,46,2019-10-16,95.7,2019
K,10,2019-02-10,30.78,2019
K,12,2019-11-29,33.09,2019
K,12,2019-02-17,31.86,2019
K,46,2019-11-03,76.98,2019
K,12,2019-11-29,33.54,2019
K,13,2019-04-16,35.89,2019
K,59,2019-12-03,100.86,2019
K,10,2019-04-13,33.49,2019
K,35,2019-10-18,72.34,2019
K,46,2019-05-06,91.76,2019
K,24,2019-05-19,52.79,2019
K,11,2019-12-16,33.49,2019
K,35,2019-09-26,75.3,2019
K,13,2019-09-14,37.5,2019
K,46,2019-05-06,91.27,2019
K,48,2019-02-17,100.61,2019
K,11,2019-07-01,45.42,2019
K,47,2019-06-26,74.17,2019
K,12,2019-02-17,32.01,2019
K,47,2019-04-10,106.91,2019
K,13,2019-10-06,32.03,2019
K,47,2019-08-22,87.52,2019
K,46,2019-06-08,87.4,2019
K,46,2019-07-06,82.73,2019
K,48,2019-06-13,109.57,2019
K,35,2019-11-17,55.52,2019
K,47,2019-03-16,85.46,2019
K,12,2019-12-07,32.48,2019
K,47,2019-01-26,80.06,2019
K,11,2019-04-20,33.95,2019
K,11,2019-03-28,36.62,2019
K,24,2019-04-21,43.28,2019
K,13,2019-11-04,34.36,2019
K,35,2019-05-15,86.61,2019
K,59,2019-12-03,123.19,2019
K,12,2019-06-20,37.48,2019
K,11,2019-04-20,32.34,2019
K,10,2019-12-31,29.96,2019
K,12,2019-09-27,38.34,2019
K,13,2019-06-28,39.83,2019
K,12,2019-04-13,33.17,2019
K,11,2019-02-23,29.39,2019
K,12,2019-11-29,33.09,2019
K,24,2019-09-17,49.51,2019
K,11,2019-03-28,37.93,2019
K,47,2019-10-10,92.44,2019
K,10,2019-02-10,29.92,2019
K,59,2019-12-03,100.69,2019
K,46,2019-05-06,98.15,2019
K,48,2019-04-13,67.86,2019
K,46,2019-03-22,109.6,2019
K,13,2019-02-27,31.91,2019
K,47,2019-01-26,76.2,2019
K,24,2019-04-21,46.49,2019
K,46,2019-08-01,101.08,2019
K,59,2019-07-31,102.63,2019
K,59,2019-06-26,87.19,2019
K,35,2019-01-11,85.03,2019
K,46,2019-02-09,70.82,2019
K,48,2019-07-31,85.03,2019
K,59,2019-02-13,128.17,2019
K,24,2019-02-01,46.76,2019
K,35,2019-12-16,70.74,2019
K,12,2019-01-29,35.72,2019
K,47,2019-07-05,77.16,2019
K,35,2019-03-07,81.96,2019
K,59,2019-06-26,98.93,2019
K,47,2019-01-26,78.35,2019
K,59,2019-02-13,124.71,2019
K,13,2019-02-27,32.63,2019
K,46,2019-02-09,75.68,2019
K,12,2019-02-17,30.38,2019
K,59,2019-10-12,98.68,2019
K,47,2019-03-16,73.81,2019
K,47,2019-05-25,86.09,2019
K,47,2019-12-03,84.66,2019
K,47,2019-02-11,62.05,2019
K,10,2019-12-31,28.14,2019
K,10,2019-09-19,36.66,2019
K,24,2019-03-04,48.19,2019
K,35,2019-07-12,68.03,2019
K,12,2019-04-13,33.68,2019
K,13,2019-12-09,35.56,2019
K,47,2019-12-03,87.95,2019
K,24,2019-05-19,56.78,2019
K,46,2019-03-22,112.12,2019
K,35,2019-07-12,61.88,2019
K,11,2019-02-23,32.18,2019
K,35,2019-01-11,95.88,2019
K,47,2019-07-05,82.25,2019
K,48,2019-10-25,71.63,2019
K,24,2019-09-17,48.09,2019
K,11,2019-08-13,31.88,2019
K,13,2019-10-06,31.14,2019
K,12,2019-02-17,31.51,2019
K,47,2019-04-10,104.35,2019
K,35,2019-11-17,58.99,2019
K,48,2019-05-19,87.77,2019
K,35,2019-08-27,60.56,2019
K,10,2019-12-31,29.64,2019
K,35,2019-05-15,78.36,2019
K,13,2019-11-04,34.48,2019
K,11,2019-10-30,32.6,2019
K,47,2019-11-06,89.27,2019
K,47,2019-05-25,76.95,2019
K,11,2019-11-21,34.64,2019
K,35,2019-07-12,65.16,2019
K,11,2019-12-16,29.51,2019
K,47,2019-11-06,89.49,2019
K,46,2019-05-06,102.62,2019
K,47,2019-07-05,73.27,2019
K,24,2019-09-17,55.72,2019
K,35,2019-08-27,57.1,2019
K,13,2019-11-04,36.9,2019
K,48,2019-05-19,84.94,2019
K,10,2019-06-26,41.79,2019
K,11,2019-04-20,32.51,2019
K,10,2019-02-10,31.23,2019
K,48,2019-05-19,81.71,2019
K,47,2019-07-05,65.51,2019
K,47,2019-12-03,92.51,2019
K,13,2019-07-21,45.42,2019
K,46,2019-02-09,77.11,2019
K,24,2019-08-16,57.86,2019
K,48,2019-05-19,83.44,2019
K,11,2019-12-16,31.74,2019
K,59,2019-04-11,116.04,2019
K,12,2019-04-13,30.99,2019
K,46,2019-08-01,90.12,2019
K,12,2019-02-17,32.27,2019
K,10,2019-01-15,37.4,2019
K,46,2019-08-01,102.94,2019
K,11,2019-05-09,32.61,2019
K,59,2019-12-03,115.3,2019
K,47,2019-07-05,73.18,2019
K,24,2019-03-04,45.21,2019
K,48,2019-12-31,99.61,2019
K,48,2019-04-13,66.74,2019
K,46,2019-06-08,81.73,2019
K,24,2019-05-19,60.32,2019
K,35,2019-06-09,63.66,2019
K,59,2019-12-03,115.78,2019
K,10,2019-10-24,29.51,2019
K,59,2019-12-03,105.98,2019
K,13,2019-12-09,34.08,2019
K,35,2019-08-27,59.83,2019
K,13,2019-11-04,33.73,2019
K,24,2019-08-16,62.15,2019
K,35,2019-10-18,68.96,2019
K,59,2019-06-26,85.7,2019
K,47,2019-10-10,94.91,2019
K,24,2019-11-11,59.33,2019
K,12,2019-01-29,35.84,2019
K,46,2019-01-12,85.28,2019
K,10,2019-05-15,29.8,2019
K,59,2019-07-31,104.31,2019
K,24,2019-10-10,50.9,2019
K,12,2019-06-20,41.19,2019
K,35,2019-12-16,75.73,2019
K,24,2019-01-04,47.5,2019
K,46,2019-01-12,93.61,2019
K,12,2019-07-27,43.39,2019
K,10,2019-10-24,30.08,2019
K,24,2019-08-16,59.46,2019
K,12,2019-08-30,34.76,2019
K,12,2019-03-21,40.45,2019
K,35,2019-12-16,79.24,2019
K,10,2019-03-13,38.93,2019
K,12,2019-10-25,32.34,2019
K,12,2019-06-20,38.85,2019
K,10,2019-06-26,40.89,2019
K,47,2019-12-03,82.85,2019
K,47,2019-11-06,83.95,2019
K,13,2019-10-06,33.5,2019
K,47,2019-01-26,78.5,2019
K,35,2019-12-16,80.97,2019
K,11,2019-09-02,31.75,2019
K,47,2019-11-06,85.96,2019
K,24,2019-05-19,62.19,2019
K,11,2019-01-11,31.9,2019
K,11,2019-08-13,31.49,2019
K,46,2019-05-06,84.31,2019
K,46,2019-06-08,74.68,2019
K,24,2019-09-17,49.99,2019
K,59,2019-01-28,114.14,2019
K,13,2019-04-16,37.15,2019
K,12,2019-07-27,42.32,2019
K,24,2019-10-10,49.96,2019
K,12,2019-10-25,33.65,2019
K,12,2019-09-27,38.12,2019
K,48,2019-02-17,103.78,2019
K,12,2019-12-07,29.92,2019
K,10,2019-01-15,39.35,2019
K,10,2019-06-26,41.42,2019
K,59,2019-11-28,77.56,2019
K,48,2019-04-13,66.77,2019
K,59,2019-07-31,99.06,2019
K,48,2019-03-20,90.25,2019
K,24,2019-03-04,45.44,2019
K,48,2019-03-20,81.02,2019
K,11,2019-10-30,31.27,2019
K,11,2019-04-20,32.95,2019
K,47,2019-02-11,70.94,2019
K,12,2019-04-13,32.35,2019
K,10,2019-09-19,34.28,2019
K,11,2019-03-28,37.19,2019
K,11,2019-11-21,32.69,2019
K,24,2019-02-01,44.17,2019
K,48,2019-07-31,90.23,2019
K,47,2019-05-25,85.03,2019
K,12,2019-03-21,40.04,2019
K,35,2019-08-27,52.68,2019
K,11,2019-09-02,34.77,2019
K,24,2019-02-01,42.88,2019
K,35,2019-08-27,55.6,2019
K,48,2019-02-17,116.51,2019
K,11,2019-09-02,32.98,2019
K,13,2019-06-28,38.5,2019
K,48,2019-10-25,68.18,2019
K,11,2019-04-20,34.58,2019
K,11,2019-08-13,33.5,2019
K,12,2019-03-21,39.78,2019
K,46,2019-06-08,81.28,2019
K,13,2019-07-21,44.66,2019
K,35,2019-05-15,78.3,2019
K,59,2019-03-17,111.81,2019
K,13,2019-11-04,33.15,2019
K,48,2019-03-20,88.02,2019
K,59,2019-09-23,90.43,2019
K,11,2019-03-28,39.05,2019
K,13,2019-04-16,36.13,2019
K,46,2019-02-09,83.88,2019
K,59,2019-04-11,128.96,2019
K,48,2019-01-27,105.06,2019
K,11,2019-08-13,31.91,2019
K,48,2019-04-13,71.14,2019
K,10,2019-05-15,31.89,2019
K,10,2019-04-13,34.8,2019
K,35,2019-08-27,55.34,2019
K,59,2019-05-03,93.81,2019
K,12,2019-10-25,33.46,2019
K,11,2019-07-01,43.58,2019
K,11,2019-12-16,34.24,2019
K,46,2019-06-08,81.28,2019
K,11,2019-08-13,32.17,2019
K,12,2019-01-29,35.49,2019
K,10,2019-01-15,36.57,2019
K,46,2019-11-03,83.4,2019
K,13,2019-04-16,35.92,2019
K,47,2019-07-05,67.02,2019
K,13,2019-04-16,36.02,2019
K,59,2019-04-11,115.02,2019
K,59,2019-05-03,94.93,2019
K,11,2019-12-16,33.73,2019
K,10,2019-12-31,29.47,2019
K,35,2019-03-07,76.47,2019
K,59,2019-09-23,100.64,2019
K,10,2019-01-15,39.29,2019
K,11,2019-06-24,40.18,2019
K,11,2019-03-28,36.26,2019
K,24,2019-03-04,45.86,2019
K,11,2019-01-11,31.53,2019
K,10,2019-03-13,34.41,2019
K,10,2019-07-28,36.24,2019
K,59,2019-12-03,104.92,2019
K,10,2019-10-24,30.16,2019
K,12,2019-11-29,32.21,2019
K,13,2019-03-12,41.64,2019
K,24,2019-11-11,62.31,2019
K,59,2019-11-28,74.45,2019
K,11,2019-07-01,42.54,2019
K,11,2019-07-01,44.06,2019
K,11,2019-07-01,43.41,2019
K,48,2019-10-25,77.67,2019
K,10,2019-06-26,42.47,2019
K,46,2019-06-08,80.32,2019
K,59,2019-02-13,117.07,2019
K,11,2019-08-13,31.52,2019
K,11,2019-09-02,31.13,2019
K,48,2019-05-19,93.04,2019
K,46,2019-05-06,90.88,2019
K,12,2019-05-30,37.84,2019
K,12,2019-02-17,32.87,2019
K,11,2019-08-13,31.13,2019
K,12,2019-02-17,32.67,2019
K,10,2019-04-13,30.9,2019
K,11,2019-01-11,32.77,2019
K,10,2019-01-15,39.88,2019
K,11,2019-12-16,32.52,2019
K,46,2019-02-09,75.12,2019
K,48,2019-02-17,108.54,2019
K,47,2019-07-05,69.7,2019
K,35,2019-09-26,72.02,2019
K,59,2019-11-28,84.36,2019
K,12,2019-10-25,34.19,2019
K,35,2019-09-26,71.27,2019
K,11,2019-11-21,32.96,2019
K,10,2019-01-15,39.14,2019
K,10,2019-12-31,29.07,2019
K,24,2019-01-04,47.62,2019
K,35,2019-11-17,59.73,2019
K,12,2019-03-21,39.04,2019
K,13,2019-07-21,43.65,2019
K,10,2019-10-24,29.33,2019
K,59,2019-04-11,105.6,2019
K,24,2019-01-04,47.74,2019
K,11,2019-05-09,33.19,2019
K,13,2019-08-15,33.25,2019
K,59,2019-09-23,85.25,2019
K,24,2019-08-16,58,2019
K,24,2019-05-19,56.24,2019
K,10,2019-07-28,37.74,2019
K,48,2019-05-19,93.41,2019
K,35,2019-08-27,58.08,2019
K,10,2019-09-19,36.89,2019
K,47,2019-03-16,90.03,2019
K,48,2019-04-13,71.22,2019
K,12,2019-03-21,39.73,2019
K,12,2019-02-17,33.26,2019
K,48,2019-06-13,97.98,2019
K,35,2019-08-27,56.56,2019
K,48,2019-07-31,87.98,2019
K,10,2019-05-15,29.4,2019
K,59,2019-06-26,83.27,2019
K,13,2019-12-09,35.22,2019
K,11,2019-05-09,33.34,2019
K,47,2019-04-10,109.08,2019
K,12,2019-02-17,34.03,2019
K,59,2019-12-03,121.34,2019
K,59,2019-08-08,100.53,2019
K,12,2019-04-13,33.33,2019
K,10,2019-08-07,30.5,2019
K,12,2019-12-07,32.27,2019
K,11,2019-01-11,32.96,2019
K,46,2019-07-06,96.5,2019
K,35,2019-11-17,57.35,2019
K,10,2019-02-10,29.19,2019
K,46,2019-12-01,71.33,2019
K,35,2019-07-12,70.65,2019
K,47,2019-08-22,81.65,2019
K,48,2019-12-31,94.38,2019
K,24,2019-05-19,55.98,2019
K,11,2019-08-13,30.19,2019
K,59,2019-04-11,107.24,2019
K,48,2019-04-13,67.7,2019
K,48,2019-06-13,111.94,2019
K,59,2019-04-11,103.26,2019
K,59,2019-01-28,98.76,2019
K,13,2019-02-27,31.46,2019
K,48,2019-03-20,81.1,2019
K,47,2019-08-22,87.38,2019
K,59,2019-06-26,86.42,2019
K,12,2019-10-25,33.89,2019
K,47,2019-09-23,113.58,2019
K,48,2019-11-07,91.88,2019
K,10,2019-03-13,35.56,2019
K,12,2019-11-29,32.85,2019
K,13,2019-01-09,40.52,2019
K,13,2019-10-06,32.02,2019
K,12,2019-10-25,31.54,2019
K,47,2019-10-10,91.38,2019
K,48,2019-03-20,84.23,2019
K,46,2019-02-09,86.09,2019
K,10,2019-06-26,38.33,2019
K,47,2019-12-03,89.23,2019
K,11,2019-02-23,31.89,2019
K,59,2019-07-31,105.64,2019
K,35,2019-12-16,75.87,2019
K,24,2019-08-16,54.1,2019
K,46,2019-09-20,107.72,2019
K,46,2019-11-03,76.47,2019
K,48,2019-09-19,85.64,2019
K,35,2019-09-26,71.38,2019
K,59,2019-04-11,111.97,2019
K,12,2019-09-27,36.57,2019
K,13,2019-12-09,35.43,2019
K,10,2019-06-26,39.05,2019
K,35,2019-08-27,55.24,2019
K,10,2019-09-19,35.41,2019
K,35,2019-01-11,88.17,2019
K,35,2019-09-26,67.14,2019
K,35,2019-06-09,61.9,2019
K,46,2019-05-06,93.57,2019
K,46,2019-05-06,97.73,2019
K,59,2019-08-08,103.75,2019
K,11,2019-10-30,30.48,2019
K,59,2019-09-23,91.59,2019
K,35,2019-09-26,75.91,2019
K,59,2019-08-08,103.04,2019
K,46,2019-12-01,81.5,2019
K,46,2019-04-09,105.73,2019
K,59,2019-09-23,101.83,2019
K,59,2019-04-11,110.84,2019
K,11,2019-04-20,33.82,2019
K,47,2019-03-16,83.47,2019
K,10,2019-03-13,37.72,2019
K,46,2019-05-06,103.83,2019
K,11,2019-05-09,33.53,2019
K,10,2019-10-24,31.51,2019
K,24,2019-08-16,65.7,2019
K,13,2019-02-27,34.62,2019
K,47,2019-06-26,69.32,2019
K,11,2019-11-21,32.61,2019
K,46,2019-05-06,87.16,2019
K,35,2019-12-16,76.86,2019
K,35,2019-08-27,56.97,2019
K,13,2019-07-21,44.94,2019
K,12,2019-10-25,34.11,2019
K,35,2019-10-18,71.65,2019
K,47,2019-01-26,90.81,2019
K,24,2019-09-17,48.6,2019
K,59,2019-07-31,119.27,2019
K,12,2019-10-25,33.34,2019
K,10,2019-08-07,30.13,2019
K,48,2019-09-19,72.33,2019
K,35,2019-03-07,75.51,2019
K,46,2019-12-01,77.72,2019
K,47,2019-08-22,92.95,2019
K,47,2019-01-26,75.44,2019
K,10,2019-01-15,38.75,2019
K,24,2019-01-04,45.96,2019
K,13,2019-03-12,41.21,2019
K,11,2019-02-23,32.52,2019
K,35,2019-06-09,59.64,2019
K,12,2019-01-29,37.58,2019
K,59,2019-04-11,115.29,2019
K,10,2019-09-19,36.4,2019
K,11,2019-05-09,34.7,2019
K,47,2019-11-06,90.77,2019
K,48,2019-06-13,102.55,2019
K,13,2019-04-16,37.04,2019
K,35,2019-05-15,74.62,2019
K,24,2019-06-21,56.53,2019
K,48,2019-03-20,89.17,2019
K,35,2019-05-15,77.45,2019
K,11,2019-12-16,31.2,2019
K,10,2019-05-15,28.93,2019
K,12,2019-09-27,38.79,2019
K,24,2019-11-11,62.76,2019
K,24,2019-05-19,57.57,2019
K,35,2019-12-16,79.7,2019
K,59,2019-09-23,96.06,2019
K,24,2019-10-10,58.29,2019
K,24,2019-08-16,57.26,2019
K,11,2019-12-16,31.95,2019
K,46,2019-08-01,107.01,2019
K,35,2019-11-17,60.3,2019
K,46,2019-10-16,104.31,2019
K,13,2019-05-31,35.17,2019
K,59,2019-10-12,100.41,2019
K,10,2019-01-15,38.22,2019
K,35,2019-03-07,78.03,2019
K,11,2019-03-28,38.18,2019
K,10,2019-10-24,29.74,2019
K,35,2019-02-16,64.46,2019
K,13,2019-05-31,33.19,2019
K,10,2019-06-26,40.2,2019
K,47,2019-01-26,83.14,2019
K,35,2019-12-16,79.73,2019
K,10,2019-09-19,36.44,2019
K,59,2019-11-28,78.95,2019
K,12,2019-11-29,33.89,2019
K,12,2019-06-20,40.24,2019
K,35,2019-09-26,78.84,2019
K,24,2019-01-04,49.3,2019
K,35,2019-09-26,76.22,2019
K,13,2019-06-28,40.19,2019
K,10,2019-11-23,30.93,2019
K,46,2019-11-03,76.74,2019
K,11,2019-01-11,31.84,2019
K,59,2019-12-03,117.38,2019
K,47,2019-01-26,89.56,2019
K,59,2019-02-13,112.99,2019
K,46,2019-04-09,78.87,2019
K,12,2019-10-25,32.63,2019
K,12,2019-07-27,42.89,2019
K,48,2019-10-25,77.02,2019
K,47,2019-12-03,80.31,2019
K,13,2019-09-14,36.47,2019
K,35,2019-02-16,55.76,2019
K,59,2019-01-28,110.39,2019
K,47,2019-09-23,99.95,2019
K,10,2019-01-15,37.8,2019
K,13,2019-11-04,33.72,2019
K,59,2019-03-17,103.96,2019
K,47,2019-07-05,79.75,2019
K,47,2019-01-26,71.69,2019
K,46,2019-05-06,98.58,2019
K,48,2019-01-27,97.36,2019
K,11,2019-10-30,29.23,2019
K,59,2019-09-23,83.92,2019
K,24,2019-08-16,57.28,2019
K,46,2019-05-06,88.75,2019
K,10,2019-03-13,35.01,2019
K,10,2019-12-31,28.97,2019
K,24,2019-04-21,47,2019
K,11,2019-11-21,32.6,2019
K,48,2019-03-20,96.18,2019
K,10,2019-08-07,30.04,2019
K,24,2019-09-17,51.48,2019
K,35,2019-02-16,62.07,2019
K,47,2019-02-11,58.24,2019
K,59,2019-10-12,98.17,2019
K,10,2019-06-26,41.43,2019
K,47,2019-09-23,93.95,2019
K,10,2019-06-26,38.39,2019
K,48,2019-04-13,69.97,2019
K,12,2019-02-17,31.48,2019
K,59,2019-02-13,117.98,2019
K,11,2019-01-11,32.95,2019
K,47,2019-08-22,88.58,2019
K,48,2019-04-13,71.35,2019
K,59,2019-11-28,83.47,2019
K,13,2019-01-09,40.45,2019
K,13,2019-06-28,41.27,2019
K,11,2019-03-28,38.13,2019
K,35,2019-11-17,61.23,2019
K,12,2019-05-30,37.42,2019
K,13,2019-06-28,40.4,2019
K,24,2019-01-04,46.94,2019
K,11,2019-03-28,37.91,2019
K,59,2019-08-08,102.79,2019
K,10,2019-03-13,36.39,2019
K,46,2019-10-16,92.35,2019
K,59,2019-05-03,89.02,2019
K,48,2019-02-17,103.38,2019
K,35,2019-02-16,65.54,2019
K,12,2019-12-07,30.46,2019
K,12,2019-08-30,31.75,2019
K,48,2019-05-19,81.67,2019
K,47,2019-10-10,98.24,2019
K,24,2019-04-21,47.52,2019
K,12,2019-07-27,44.66,2019
K,24,2019-07-23,58.29,2019
K,46,2019-02-09,76.03,2019
K,13,2019-10-06,32.74,2019
K,10,2019-08-07,30.36,2019
K,11,2019-10-30,31.9,2019
K,12,2019-04-13,31.51,2019
K,24,2019-10-10,55.58,2019
K,48,2019-05-19,73.12,2019
K,48,2019-01-27,86.38,2019
K,12,2019-02-17,32.99,2019
K,24,2019-10-10,53.67,2019
K,24,2019-04-21,43.56,2019
K,46,2019-01-12,87.21,2019
K,11,2019-05-09,34.02,2019
K,10,2019-09-19,35.79,2019
K,24,2019-03-04,48.08,2019
K,12,2019-05-30,35.65,2019
K,59,2019-03-17,103.69,2019
K,11,2019-11-21,34.29,2019
K,46,2019-02-09,75.98,2019
K,12,2019-10-25,33.08,2019
K,13,2019-11-04,34.91,2019
K,12,2019-04-13,33.7,2019
K,59,2019-04-11,105.5,2019
K,35,2019-06-09,66.14,2019
K,24,2019-06-21,60.67,2019
K,59,2019-12-03,102.13,2019
K,59,2019-02-13,117.62,2019
K,11,2019-05-09,31.01,2019
K,46,2019-06-08,85.36,2019
K,24,2019-05-19,52.11,2019
K,10,2019-12-31,28.67,2019
K,35,2019-07-12,61.58,2019
K,13,2019-04-16,37.01,2019
K,47,2019-07-05,79.96,2019
K,35,2019-03-07,85.73,2019
K,46,2019-03-22,110,2019
K,10,2019-08-07,31.08,2019
K,11,2019-02-23,29.97,2019
K,35,2019-07-12,66.87,2019
K,12,2019-11-29,33.81,2019
K,35,2019-08-27,59.29,2019
K,10,2019-10-24,28.66,2019
K,11,2019-05-09,35.37,2019
K,10,2019-03-13,39.13,2019
K,48,2019-01-27,86.75,2019
K,12,2019-11-29,33.04,2019
K,12,2019-11-29,34.42,2019
K,12,2019-07-27,42.85,2019
K,12,2019-11-29,33.35,2019
K,59,2019-01-28,102.4,2019
K,59,2019-10-12,100.79,2019
K,59,2019-01-28,105.35,2019
K,10,2019-10-24,28.84,2019
K,47,2019-12-03,83.42,2019
K,11,2019-11-21,33.02,2019
K,47,2019-03-16,79.21,2019
K,13,2019-09-14,35.69,2019
K,35,2019-03-07,78.56,2019
K,59,2019-04-11,112.83,2019
K,46,2019-06-08,91.33,2019
K,13,2019-09-14,37.45,2019
K,11,2019-10-30,29.77,2019
K,46,2019-04-09,86.8,2019
K,11,2019-01-11,32.58,2019
K,48,2019-09-19,87.21,2019
K,48,2019-01-27,82.92,2019
K,35,2019-09-26,74.33,2019
K,10,2019-06-26,39.25,2019
K,48,2019-12-31,88.73,2019
K,59,2019-11-28,83.62,2019
K,13,2019-11-04,36.64,2019
K,35,2019-07-12,63.2,2019
K,59,2019-11-28,68.14,2019
K,11,2019-08-13,32.01,2019
K,24,2019-10-10,55.03,2019
K,46,2019-04-09,99.4,2019
K,24,2019-01-04,44.63,2019
K,11,2019-04-20,32.9,2019
K,48,2019-10-25,83.15,2019
K,11,2019-01-11,31.99,2019
K,11,2019-04-20,33.91,2019
K,35,2019-03-07,77.89,2019
K,10,2019-04-13,32.4,2019
K,59,2019-04-11,111.11,2019
K,12,2019-11-29,35.07,2019
K,12,2019-03-21,39.44,2019
K,11,2019-06-24,42.76,2019
K,46,2019-04-09,91.05,2019
K,11,2019-10-30,31.58,2019
K,35,2019-03-07,76.57,2019
K,11,2019-05-09,34.4,2019
K,48,2019-08-29,96.16,2019
K,10,2019-03-13,39.84,2019
K,59,2019-10-12,114.42,2019
K,47,2019-10-10,93.25,2019
K,35,2019-05-15,77.3,2019
K,24,2019-05-19,56.55,2019
K,10,2019-08-07,31.19,2019
K,11,2019-09-02,33.18,2019
K,11,2019-06-24,39.34,2019
K,46,2019-12-01,77.84,2019
K,59,2019-11-28,82.09,2019
K,59,2019-02-13,113.29,2019
K,11,2019-04-20,34.52,2019
K,12,2019-07-27,43.01,2019
K,13,2019-07-21,44.54,2019
K,46,2019-06-08,79.91,2019
K,24,2019-10-10,56.45,2019
K,47,2019-04-10,109.51,2019
K,12,2019-04-13,33.28,2019
K,35,2019-03-07,73.37,2019
K,35,2019-10-18,75.27,2019
K,48,2019-04-13,80.59,2019
K,59,2019-05-03,91.38,2019
K,48,2019-08-29,91.16,2019
K,11,2019-11-21,32.08,2019
K,10,2019-03-13,38.69,2019
K,59,2019-08-08,100.11,2019
K,13,2019-02-27,35.39,2019
K,47,2019-02-11,62.65,2019
K,47,2019-07-05,56.63,2019
K,47,2019-05-25,97.53,2019
K,12,2019-06-20,39.62,2019
K,10,2019-12-31,29.22,2019
K,48,2019-12-31,86.52,2019
K,11,2019-08-13,32.02,2019
K,24,2019-05-19,54.83,2019
K,13,2019-02-27,31.95,2019
K,12,2019-01-29,37.16,2019
K,10,2019-01-15,38.09,2019
K,48,2019-03-20,87.37,2019
K,11,2019-09-02,31.67,2019
K,11,2019-09-02,34.24,2019
K,24,2019-09-17,54.36,2019
K,11,2019-12-16,30.61,2019
K,12,2019-08-30,34.09,2019
K,24,2019-01-04,48.45,2019
K,13,2019-09-14,37.17,2019
K,12,2019-11-29,33.47,2019
K,11,2019-12-16,30.58,2019
K,35,2019-05-15,83.82,2019
K,24,2019-05-19,47.5,2019
K,12,2019-06-20,38.76,2019
K,10,2019-01-15,37.42,2019
K,13,2019-06-28,39.23,2019
K,59,2019-12-03,113.02,2019
K,10,2019-04-13,33.51,2019
K,35,2019-09-26,74.47,2019
K,11,2019-02-23,31.12,2019
K,12,2019-10-25,31.31,2019
K,46,2019-08-01,107.67,2019
K,59,2019-06-26,88.01,2019
K,48,2019-12-31,86.63,2019
K,59,2019-10-12,109.82,2019
K,35,2019-11-17,58.63,2019
K,59,2019-07-31,103.08,2019
K,48,2019-05-19,84.01,2019
K,35,2019-08-27,56.01,2019
K,35,2019-07-12,67.1,2019
K,47,2019-01-26,89.08,2019
K,11,2019-07-01,45.19,2019
K,47,2019-12-03,77.61,2019
K,48,2019-11-07,87.15,2019
K,10,2019-09-19,36.21,2019
K,35,2019-11-17,58.22,2019
K,13,2019-12-09,34.19,2019
K,47,2019-10-10,89.07,2019
K,24,2019-05-19,51.73,2019
K,12,2019-10-25,34.4,2019
K,12,2019-11-29,31.31,2019
K,46,2019-11-03,73.2,2019
K,47,2019-01-26,72.6,2019
K,12,2019-10-25,32.44,2019
K,48,2019-02-17,98.32,2019
K,46,2019-09-20,87.01,2019
K,35,2019-11-17,60.14,2019
K,48,2019-04-13,63.88,2019
K,46,2019-03-22,111.11,2019
K,59,2019-04-11,114.43,2019
K,46,2019-07-06,83.37,2019
K,35,2019-12-16,74.16,2019
K,48,2019-05-19,82.92,2019
K,35,2019-09-26,72.88,2019
K,48,2019-08-29,91.51,2019
K,13,2019-10-06,31.77,2019
K,13,2019-03-12,40.45,2019
K,13,2019-04-16,36.9,2019
K,11,2019-12-16,31.16,2019
K,24,2019-08-16,59.35,2019
K,59,2019-10-12,89.85,2019
K,13,2019-06-28,42.69,2019
K,48,2019-02-17,102.34,2019
K,46,2019-09-20,110.81,2019
K,11,2019-09-02,32.22,2019
K,48,2019-07-31,90.94,2019
K,46,2019-05-06,100.4,2019
K,59,2019-10-12,94.57,2019
K,13,2019-10-06,33.45,2019
K,10,2019-05-15,31.09,2019
K,13,2019-06-28,40.61,2019
K,35,2019-02-16,63.9,2019
K,48,2019-04-13,76.74,2019
K,47,2019-04-10,110.28,2019
K,11,2019-02-23,33.43,2019
K,35,2019-04-29,62.3,2019
K,11,2019-10-30,29.83,2019
K,48,2019-06-13,96.49,2019
K,11,2019-11-21,33.73,2019
K,24,2019-09-17,53.61,2019
K,24,2019-10-10,57.97,2019
K,11,2019-05-09,33.91,2019
K,24,2019-02-01,42.8,2019
K,46,2019-10-16,115.03,2019
K,48,2019-04-13,78.48,2019
K,13,2019-04-16,35.84,2019
K,59,2019-12-03,105.7,2019
K,11,2019-02-23,29.88,2019
K,13,2019-06-28,42.85,2019
K,10,2019-06-26,40.39,2019
K,35,2019-06-09,57.35,2019
K,47,2019-09-23,104.76,2019
K,35,2019-11-17,55.72,2019
K,48,2019-02-17,118.22,2019
K,10,2019-12-31,27.95,2019
K,59,2019-12-03,104.61,2019
K,47,2019-06-26,72,2019
K,10,2019-12-31,28.77,2019
K,47,2019-01-26,77.42,2019
K,59,2019-04-11,107.62,2019
K,47,2019-12-03,91.37,2019
K,24,2019-12-08,51.12,2019
K,13,2019-12-09,33.43,2019
K,47,2019-08-22,90.57,2019
K,12,2019-02-17,32.35,2019
K,47,2019-12-03,84.78,2019
K,24,2019-10-10,55.2,2019
K,35,2019-01-11,82.61,2019
K,24,2019-12-08,52.02,2019
K,10,2019-03-13,36.62,2019
K,11,2019-09-02,32.42,2019
K,35,2019-04-29,63.36,2019
K,10,2019-10-24,29.25,2019
K,48,2019-03-20,94.79,2019
K,10,2019-09-19,38.1,2019
K,59,2019-10-12,108.56,2019
K,24,2019-10-10,58.01,2019
K,47,2019-01-26,80.05,2019
K,59,2019-10-12,96.72,2019
K,35,2019-06-09,62.93,2019
K,46,2019-02-09,77.34,2019
K,13,2019-06-28,41.46,2019
K,12,2019-09-27,39.83,2019
K,11,2019-07-01,45.01,2019
K,35,2019-02-16,58.56,2019
K,35,2019-10-18,73.01,2019
K,46,2019-08-01,108.45,2019
K,59,2019-12-03,107.54,2019
K,12,2019-04-13,32.72,2019
K,10,2019-09-19,38.35,2019
K,48,2019-07-31,90.77,2019
K,24,2019-03-04,42.69,2019
K,59,2019-09-23,88.67,2019
K,11,2019-03-28,38.37,2019
K,11,2019-03-28,38.98,2019
K,13,2019-11-04,32.49,2019
K,13,2019-06-28,41.3,2019
K,35,2019-09-26,75.53,2019
K,11,2019-06-24,40.36,2019
K,24,2019-12-08,51.01,2019
K,47,2019-12-03,93.69,2019
K,35,2019-01-11,89.85,2019
K,13,2019-12-09,34.59,2019
K,47,2019-01-26,77.78,2019
K,59,2019-06-26,82.33,2019
K,13,2019-09-14,35.81,2019
K,10,2019-09-19,34.2,2019
K,13,2019-12-09,34.87,2019
K,48,2019-01-27,84.93,2019
K,11,2019-01-11,33.88,2019
K,12,2019-02-17,33.44,2019
K,11,2019-05-09,32.63,2019
K,12,2019-08-30,33.24,2019
K,10,2019-08-07,30.87,2019
K,13,2019-11-04,34.49,2019
K,24,2019-05-19,52.08,2019
K,35,2019-03-07,78.95,2019
K,46,2019-11-03,79.97,2019
K,13,2019-01-09,40.18,2019
K,35,2019-03-07,81.39,2019
K,12,2019-04-13,32.99,2019
K,10,2019-04-13,32.82,2019
K,59,2019-10-12,102.21,2019
K,12,2019-01-29,36.55,2019
K,10,2019-07-28,37.7,2019
K,47,2019-10-10,94.86,2019
K,46,2019-06-08,94.04,2019
K,59,2019-11-28,72.22,2019
K,47,2019-08-22,86.09,2019
K,24,2019-10-10,53.17,2019
K,47,2019-08-22,87.35,2019
K,12,2019-10-25,32.11,2019
K,10,2019-01-15,37.7,2019
K,47,2019-08-22,92.08,2019
K,12,2019-05-30,36.44,2019
K,10,2019-03-13,36.99,2019
K,11,2019-01-11,33.04,2019
K,11,2019-10-30,28.76,2019
K,59,2019-05-03,98.66,2019
K,24,2019-02-01,42.6,2019
K,35,2019-10-18,73.79,2019
K,13,2019-08-15,32.98,2019
K,11,2019-08-13,32.64,2019
K,48,2019-02-17,111.73,2019
K,35,2019-07-12,68.55,2019
K,46,2019-02-09,67.93,2019
K,13,2019-10-06,31.64,2019
K,24,2019-09-17,50.39,2019
K,47,2019-07-05,73.96,2019
K,12,2019-03-21,41.11,2019
K,35,2019-11-17,57.64,2019
K,10,2019-09-19,35.84,2019
K,12,2019-06-20,38.43,2019
K,35,2019-05-15,74.66,2019
K,59,2019-01-28,97.71,2019
K,11,2019-02-23,30.55,2019
K,48,2019-05-19,77.21,2019
K,48,2019-06-13,109.56,2019
K,12,2019-05-30,35.67,2019
K,48,2019-04-13,63.64,2019
K,35,2019-10-18,72.07,2019
K,59,2019-01-28,103.31,2019
K,11,2019-12-16,31.86,2019
K,35,2019-03-07,86.17,2019
K,46,2019-02-09,87.89,2019
K,47,2019-01-26,92.15,2019
K,47,2019-04-10,103.02,2019
K,59,2019-07-31,102.57,2019
K,11,2019-01-11,31.19,2019
K,35,2019-02-16,65.82,2019
K,11,2019-08-13,31.06,2019
K,35,2019-05-15,77.91,2019
K,46,2019-02-09,74.19,2019
K,10,2019-08-07,30.2,2019
K,59,2019-03-17,106.7,2019
K,24,2019-01-04,50.42,2019
K,35,2019-08-27,55.19,2019
K,48,2019-04-13,68.56,2019
K,59,2019-11-28,77.1,2019
K,47,2019-09-23,96.37,2019
K,12,2019-01-29,35.81,2019
K,11,2019-11-21,34.3,2019
K,46,2019-03-22,118.04,2019
K,47,2019-01-26,84.11,2019
K,48,2019-02-17,108.02,2019
K,10,2019-06-26,39.53,2019
K,59,2019-09-23,93.86,2019
K,48,2019-12-31,92.87,2019
K,35,2019-08-27,50.77,2019
K,47,2019-12-03,95.06,2019
K,46,2019-04-09,108.98,2019
K,46,2019-01-12,78.37,2019
K,35,2019-12-16,86.77,2019
K,35,2019-02-16,61.4,2019
K,11,2019-05-09,33.75,2019
K,12,2019-02-17,32.65,2019
K,35,2019-03-07,79.66,2019
K,12,2019-01-29,36.81,2019
K,10,2019-08-07,30.07,2019
K,13,2019-06-28,41.75,2019
K,47,2019-04-10,119.18,2019
K,59,2019-12-03,116.21,2019
K,11,2019-10-30,30.34,2019
K,48,2019-03-20,89.17,2019
K,11,2019-04-20,32.88,2019
K,59,2019-09-23,90.16,2019
K,47,2019-11-06,94.97,2019
K,10,2019-07-28,36.27,2019
K,59,2019-06-26,90.03,2019
K,11,2019-06-24,41.24,2019
K,59,2019-09-23,91.08,2019
K,24,2019-05-19,56.15,2019
K,47,2019-11-06,91,2019
K,46,2019-05-06,105.52,2019
K,12,2019-08-30,34.14,2019
K,59,2019-08-08,96.2,2019
K,59,2019-10-12,105.65,2019
K,47,2019-01-26,76.35,2019
K,48,2019-03-20,88.84,2019
K,35,2019-02-16,56.67,2019
K,11,2019-09-02,33.89,2019
K,47,2019-08-22,81.48,2019
K,11,2019-12-16,31.15,2019
K,24,2019-06-21,58.1,2019
K,47,2019-04-10,117.24,2019
K,47,2019-04-10,114.39,2019
K,12,2019-09-27,38.56,2019
K,13,2019-09-14,37.17,2019
K,46,2019-01-12,80.27,2019
K,11,2019-04-20,32.3,2019
K,59,2019-06-26,85.8,2019
K,59,2019-02-13,124.31,2019
K,59,2019-08-08,103.44,2019
K,47,2019-01-26,82.99,2019
K,11,2019-08-13,31.13,2019
K,35,2019-01-11,90.18,2019
K,10,2019-09-19,37.43,2019
K,35,2019-01-11,92.04,2019
K,10,2019-01-15,40.87,2019
K,13,2019-06-28,38.66,2019
K,35,2019-04-29,67.8,2019
K,10,2019-10-24,29.16,2019
K,59,2019-09-23,93.86,2019
K,46,2019-05-06,96.77,2019
K,24,2019-08-16,55.97,2019
K,47,2019-11-06,92.44,2019
K,11,2019-05-09,36.23,2019
K,35,2019-03-07,83.39,2019
K,59,2019-06-26,95.12,2019
K,11,2019-11-21,32.89,2019
K,24,2019-10-10,55.66,2019
K,24,2019-10-10,54.58,2019
K,13,2019-07-21,45.02,2019
K,46,2019-04-09,91.49,2019
K,24,2019-07-23,59.84,2019
K,13,2019-11-04,35.69,2019
K,10,2019-04-13,33.06,2019
K,11,2019-08-13,31.72,2019
K,11,2019-10-30,29.85,2019
K,35,2019-02-16,56.44,2019
K,13,2019-12-09,35.57,2019
K,11,2019-12-16,32.69,2019
K,59,2019-06-26,88.09,2019
K,47,2019-07-05,75.45,2019
K,48,2019-11-07,88.5,2019
K,35,2019-06-09,56.06,2019
K,48,2019-09-19,72.19,2019
K,59,2019-11-28,79.97,2019
K,11,2019-03-28,37.05,2019
K,48,2019-10-25,76.83,2019
K,13,2019-12-09,32.97,2019
K,48,2019-01-27,106.31,2019
K,35,2019-10-18,74.86,2019
K,47,2019-09-23,89.64,2019
K,48,2019-01-27,93.67,2019
K,59,2019-02-13,117.17,2019
K,11,2019-02-23,30.34,2019
K,12,2019-12-07,31.34,2019
K,24,2019-10-10,56.58,2019
K,13,2019-05-31,35.03,2019
K,46,2019-05-06,108.56,2019
K,35,2019-02-16,58.97,2019
K,10,2019-01-15,38.56,2019
K,48,2019-03-20,85.06,2019
K,48,2019-04-13,69.12,2019
K,47,2019-11-06,86.5,2019
K,13,2019-06-28,39.87,2019
K,11,2019-08-13,33.71,2019
K,12,2019-06-20,37.12,2019
K,12,2019-02-17,30.97,2019
K,47,2019-10-10,99.43,2019
K,10,2019-11-23,29.44,2019
K,12,2019-06-20,38.91,2019
K,13,2019-02-27,35.66,2019
K,48,2019-06-13,102.18,2019
K,10,2019-03-13,36.5,2019
K,11,2019-12-16,30.85,2019
K,47,2019-12-03,76.92,2019
K,10,2019-12-31,29.15,2019
K,11,2019-05-09,34.9,2019
K,47,2019-08-22,89.11,2019
K,59,2019-02-13,119.06,2019
K,11,2019-07-01,41.11,2019
K,59,2019-11-28,77.86,2019
K,11,2019-12-16,31.39,2019
K,48,2019-09-19,81.31,2019
K,47,2019-09-23,99.96,2019
K,48,2019-01-27,85.51,2019
K,11,2019-01-11,31.81,2019
K,47,2019-05-25,85.29,2019
K,46,2019-04-09,90.56,2019
K,46,2019-01-12,85,2019
K,47,2019-08-22,94.35,2019
K,59,2019-09-23,86.14,2019
K,11,2019-11-21,33.37,2019
K,59,2019-08-08,100.69,2019
K,48,2019-07-31,85.89,2019
K,24,2019-05-19,55.82,2019
K,10,2019-07-28,39.22,2019
K,59,2019-02-13,116.16,2019
K,24,2019-06-21,57.4,2019
K,24,2019-05-19,52.31,2019
K,47,2019-07-05,71.54,2019
K,11,2019-04-20,32.36,2019
K,59,2019-11-28,75.09,2019
K,12,2019-07-27,43.03,2019
K,59,2019-03-17,112.83,2019
K,46,2019-07-06,93.16,2019
K,47,2019-12-03,79.63,2019
K,48,2019-08-29,95.69,2019
K,59,2019-06-26,87.03,2019
K,59,2019-10-12,106.27,2019
K,12,2019-07-27,42.38,2019
K,35,2019-12-16,79.17,2019
K,24,2019-09-17,52.28,2019
K,24,2019-05-19,51.69,2019
K,11,2019-01-11,32.27,2019
K,47,2019-04-10,106.08,2019
K,13,2019-08-15,32.54,2019
K,59,2019-08-08,102.15,2019
K,12,2019-11-29,33.06,2019
K,35,2019-05-15,82.22,2019
K,11,2019-03-28,37.72,2019
K,12,2019-05-30,37.22,2019
K,12,2019-04-13,32.64,2019
K,47,2019-01-26,71.52,2019
K,11,2019-04-20,32.97,2019
K,12,2019-05-30,36.44,2019
K,35,2019-07-12,61.97,2019
K,47,2019-08-22,79.83,2019
K,13,2019-10-06,31.45,2019
K,12,2019-09-27,38.83,2019
K,48,2019-09-19,86.8,2019
K,24,2019-10-10,56.02,2019
K,47,2019-04-10,116.3,2019
K,46,2019-07-06,74.21,2019
K,13,2019-07-21,44.51,2019
K,47,2019-09-23,107.62,2019
K,11,2019-11-21,32.22,2019
K,24,2019-09-17,52.1,2019
K,35,2019-07-12,56.9,2019
K,12,2019-05-30,36.82,2019
K,13,2019-03-12,38.82,2019
K,47,2019-10-10,98.95,2019
K,10,2019-03-13,37.52,2019
K,59,2019-01-28,105.47,2019
K,10,2019-11-23,29.6,2019
K,46,2019-06-08,78.99,2019
K,47,2019-09-23,102.72,2019
K,47,2019-08-22,101.86,2019
K,46,2019-09-20,101.54,2019
K,12,2019-07-27,43.27,2019
K,11,2019-05-09,32.22,2019
K,24,2019-09-17,55.15,2019
K,46,2019-06-08,77.73,2019
K,10,2019-09-19,37.14,2019
K,48,2019-02-17,102.93,2019
K,48,2019-01-27,105.47,2019
K,12,2019-09-27,37.88,2019
K,11,2019-07-01,42.59,2019
K,11,2019-12-16,31.31,2019
K,46,2019-01-12,91.37,2019
K,46,2019-09-20,93.08,2019
K,35,2019-12-16,74.83,2019
K,12,2019-06-20,38.06,2019
K,10,2019-01-15,37.4,2019
K,46,2019-05-06,104.62,2019
K,10,2019-01-15,36.63,2019
K,47,2019-04-10,108.28,2019
K,48,2019-12-31,92.73,2019
K,46,2019-01-12,83.08,2019
K,35,2019-03-07,79.3,2019
K,59,2019-07-31,104.61,2019
K,35,2019-09-26,76.84,2019
K,35,2019-01-11,94.49,2019
K,11,2019-09-02,33.25,2019
K,12,2019-02-17,30.96,2019
K,24,2019-11-11,65.87,2019
K,10,2019-10-24,30.48,2019
K,12,2019-07-27,43.14,2019
K,59,2019-10-12,92.97,2019
K,10,2019-11-23,29.36,2019
K,10,2019-08-07,31.52,2019
K,35,2019-07-12,66.24,2019
K,47,2019-12-03,81.35,2019
K,24,2019-03-04,41.19,2019
K,48,2019-02-17,101.04,2019
K,24,2019-10-10,56.29,2019
K,12,2019-06-20,39.01,2019
K,35,2019-05-15,79.98,2019
K,13,2019-12-09,34.18,2019
K,35,2019-11-17,63.14,2019
K,13,2019-08-15,34.59,2019
K,59,2019-06-26,85.49,2019
K,35,2019-02-16,58.57,2019
K,13,2019-11-04,33.76,2019
K,11,2019-01-11,33.53,2019
K,10,2019-12-31,31.11,2019
K,35,2019-07-12,66.97,2019
K,11,2019-05-09,34.46,2019
K,24,2019-07-23,54.94,2019
K,24,2019-02-01,47.62,2019
K,47,2019-04-10,112.75,2019
K,13,2019-10-06,32.74,2019
K,35,2019-09-26,76.4,2019
K,59,2019-04-11,116.94,2019
K,47,2019-09-23,101.09,2019
K,48,2019-02-17,106.39,2019
K,24,2019-08-16,63.68,2019
K,10,2019-03-13,37.54,2019
K,47,2019-09-23,99.99,2019
K,11,2019-09-02,30.41,2019
K,59,2019-03-17,100.3,2019
K,35,2019-07-12,65.7,2019
K,35,2019-11-17,58.87,2019
K,11,2019-07-01,41.17,2019
K,13,2019-06-28,42.14,2019
K,35,2019-11-17,62.39,2019
K,11,2019-02-23,32.34,2019
K,10,2019-07-28,37.27,2019
K,59,2019-10-12,102.24,2019
K,13,2019-05-31,33.91,2019
K,46,2019-03-22,95.64,2019
K,35,2019-11-17,62.19,2019
K,24,2019-12-08,46.92,2019
K,59,2019-02-13,115.9,2019
K,24,2019-09-17,50.62,2019
K,10,2019-12-31,28.46,2019
K,10,2019-09-19,34.97,2019
K,59,2019-12-03,107.15,2019
K,46,2019-12-01,65.74,2019
K,13,2019-09-14,36.56,2019
K,11,2019-10-30,30.22,2019
K,24,2019-11-11,58.18,2019
K,47,2019-12-03,95.49,2019
K,11,2019-01-11,31.81,2019
K,11,2019-10-30,29.96,2019
K,12,2019-04-13,32.15,2019
K,59,2019-11-28,78.91,2019
K,59,2019-06-26,83.08,2019
K,46,2019-10-16,94.95,2019
K,10,2019-08-07,32.07,2019
K,46,2019-08-01,99.42,2019
K,12,2019-04-13,30.73,2019
K,13,2019-02-27,34.29,2019
K,24,2019-06-21,56.44,2019
K,12,2019-01-29,36.74,2019
K,46,2019-06-08,80.4,2019
K,48,2019-03-20,83.35,2019
K,47,2019-09-23,98.66,2019
K,13,2019-10-06,30.75,2019
K,10,2019-09-19,35.5,2019
K,24,2019-06-21,57.42,2019
K,12,2019-10-25,32.47,2019
K,11,2019-03-28,37.03,2019
K,47,2019-04-10,106.15,2019
K,35,2019-02-16,60.06,2019
K,47,2019-05-25,96.36,2019
K,12,2019-04-13,32.64,2019
K,47,2019-11-06,93.69,2019
K,48,2019-07-31,84.21,2019
K,59,2019-07-31,99.13,2019
K,46,2019-09-20,100.26,2019
K,46,2019-09-20,112.65,2019
K,10,2019-03-13,35.76,2019
K,12,2019-09-27,36.32,2019
K,35,2019-05-15,88.59,2019
K,48,2019-05-19,76.01,2019
K,59,2019-10-12,103.84,2019
K,47,2019-04-10,107.56,2019
K,24,2019-06-21,56.63,2019
K,35,2019-04-29,65.41,2019
K,13,2019-04-16,37.28,2019
K,12,2019-10-25,32.53,2019
K,13,2019-09-14,37.12,2019
K,12,2019-11-29,34.13,2019
K,59,2019-11-28,75.39,2019
K,59,2019-03-17,105.29,2019
K,59,2019-12-03,114.28,2019
K,47,2019-07-05,71.93,2019
K,48,2019-01-27,100.89,2019
K,47,2019-09-23,99.41,2019
K,24,2019-05-19,58.02,2019
K,59,2019-01-28,100.02,2019
K,48,2019-04-13,69.83,2019
K,48,2019-12-31,82.57,2019
K,48,2019-02-17,91.98,2019
K,35,2019-10-18,73.71,2019
K,35,2019-07-12,63.56,2019
K,24,2019-09-17,51.02,2019
K,59,2019-04-11,103.91,2019
K,24,2019-10-10,53.57,2019
K,59,2019-01-28,104.83,2019
K,46,2019-02-09,72.43,2019
K,13,2019-01-09,41.44,2019
K,12,2019-02-17,31.45,2019
K,35,2019-02-16,62.91,2019
K,48,2019-09-19,65.19,2019
K,24,2019-08-16,59.01,2019
K,48,2019-06-13,90.9,2019
K,35,2019-03-07,79.18,2019
K,47,2019-07-05,74.13,2019
K,12,2019-04-13,32.57,2019
K,59,2019-07-31,116.19,2019
K,10,2019-08-07,29.81,2019
K,46,2019-04-09,87.93,2019
K,47,2019-08-22,75.06,2019
K,35,2019-02-16,60.92,2019
K,47,2019-11-06,81.29,2019
K,24,2019-03-04,46.61,2019
K,11,2019-02-23,30.98,2019
K,47,2019-09-23,94.85,2019
K,11,2019-03-28,37.34,2019
K,59,2019-04-11,103.6,2019
K,47,2019-09-23,85.67,2019
K,47,2019-04-10,108.84,2019
K,24,2019-07-23,63.82,2019
K,11,2019-10-30,31,2019
K,12,2019-11-29,32.52,2019
K,46,2019-09-20,108.54,2019
K,13,2019-10-06,32.39,2019
K,13,2019-05-31,34.44,2019
K,24,2019-07-23,53.97,2019
K,59,2019-06-26,99.39,2019
K,59,2019-02-13,114.06,2019
K,13,2019-03-12,41.4,2019
K,35,2019-12-16,78.43,2019
K,59,2019-02-13,122.36,2019
K,35,2019-02-16,59.67,2019
K,59,2019-05-03,97.05,2019
K,48,2019-08-29,100.99,2019
K,12,2019-10-25,33.9,2019
K,12,2019-01-29,35.66,2019
K,46,2019-02-09,82.1,2019
K,12,2019-08-30,32.91,2019
K,46,2019-09-20,104.11,2019
K,59,2019-02-13,115,2019
K,10,2019-11-23,28.89,2019
K,24,2019-07-23,59.84,2019
K,35,2019-12-16,81.06,2019
K,35,2019-05-15,80.44,2019
K,12,2019-09-27,38.68,2019
K,10,2019-10-24,29.67,2019
K,35,2019-05-15,83.99,2019
K,12,2019-11-29,32.96,2019
K,13,2019-10-06,30.35,2019
K,10,2019-02-10,31.32,2019
K,24,2019-09-17,49.34,2019
K,59,2019-01-28,98.32,2019
K,13,2019-10-06,32.06,2019
K,24,2019-11-11,55.24,2019
K,59,2019-01-28,108.66,2019
K,59,2019-01-28,99.55,2019
K,12,2019-05-30,34.89,2019
K,12,2019-02-17,32.95,2019
K,10,2019-08-07,29.11,2019
K,12,2019-02-17,32.94,2019
K,10,2019-06-26,42.71,2019
K,47,2019-08-22,84.87,2019
K,24,2019-01-04,48.67,2019
K,11,2019-01-11,31.81,2019
K,11,2019-09-02,32.6,2019
K,12,2019-04-13,32.96,2019
K,35,2019-12-16,75.57,2019
K,11,2019-03-28,40.65,2019
K,59,2019-06-26,77.73,2019
K,46,2019-11-03,78.24,2019
K,48,2019-04-13,67.44,2019
K,48,2019-04-13,64.24,2019
K,48,2019-11-07,86.27,2019
K,12,2019-09-27,40.26,2019
K,35,2019-03-07,74.7,2019
K,35,2019-09-26,72.15,2019
K,10,2019-09-19,36.61,2019
K,12,2019-03-21,39.02,2019
K,35,2019-05-15,84.16,2019
K,11,2019-07-01,43.53,2019
K,47,2019-06-26,72.25,2019
K,11,2019-11-21,32.49,2019
K,35,2019-06-09,59.22,2019
K,24,2019-04-21,44.64,2019
K,35,2019-02-16,59.94,2019
K,13,2019-08-15,33.16,2019
K,46,2019-09-20,109.01,2019
K,48,2019-03-20,78.39,2019
K,10,2019-01-15,37.3,2019
K,46,2019-11-03,69.09,2019
K,35,2019-12-16,85.84,2019
K,59,2019-09-23,85.11,2019
K,13,2019-03-12,41.4,2019
K,24,2019-08-16,60.77,2019
K,13,2019-06-28,42.93,2019
K,59,2019-12-03,110.2,2019
K,13,2019-04-16,34.69,2019
K,12,2019-11-29,32.23,2019
K,35,2019-09-26,82.95,2019
K,35,2019-05-15,78.48,2019
K,11,2019-07-01,41.86,2019
K,47,2019-02-11,65.52,2019
K,10,2019-04-13,35.02,2019
K,46,2019-02-09,83.53,2019
K,24,2019-09-17,53.48,2019
K,35,2019-04-29,66.35,2019
K,11,2019-12-16,31.06,2019
K,46,2019-09-20,107.97,2019
K,35,2019-11-17,57.72,2019
K,10,2019-06-26,40.32,2019
K,59,2019-09-23,94.66,2019
K,11,2019-12-16,32.14,2019
K,12,2019-06-20,40.21,2019
K,11,2019-01-11,31.33,2019
K,35,2019-05-15,78.75,2019
K,12,2019-10-25,32.13,2019
K,10,2019-10-24,29.26,2019
K,46,2019-02-09,68.96,2019
K,11,2019-02-23,30.66,2019
K,12,2019-04-13,34.78,2019
K,12,2019-11-29,33.17,2019
K,48,2019-03-20,82.88,2019
K,13,2019-12-09,35.4,2019
K,35,2019-11-17,59.61,2019
K,47,2019-07-05,74.86,2019
K,48,2019-07-31,92.77,2019
K,10,2019-01-15,40.64,2019
K,47,2019-11-06,85.69,2019
K,35,2019-02-16,60.09,2019
K,47,2019-02-11,73.23,2019
K,48,2019-04-13,67.34,2019
K,12,2019-01-29,35.93,2019
K,10,2019-08-07,30.78,2019
K,12,2019-08-30,32.07,2019
K,59,2019-07-31,99,2019
K,35,2019-12-16,80.08,2019
K,35,2019-08-27,59.13,2019
K,11,2019-04-20,32.95,2019
K,24,2019-08-16,60.18,2019
K,46,2019-08-01,107.08,2019
K,12,2019-09-27,39.46,2019
K,59,2019-06-26,82.1,2019
K,12,2019-07-27,43.32,2019
K,46,2019-07-06,85.65,2019
K,11,2019-05-09,33.82,2019
K,47,2019-06-26,67.62,2019
K,11,2019-05-09,33.79,2019
K,47,2019-04-10,104.62,2019
K,13,2019-08-15,33.51,2019
K,12,2019-11-29,33.67,2019
K,10,2019-05-15,30.65,2019
K,48,2019-01-27,93.04,2019
K,13,2019-06-28,43.56,2019
K,10,2019-03-13,34.33,2019
K,11,2019-08-13,31.07,2019
K,13,2019-03-12,39.96,2019
K,13,2019-01-09,40.36,2019
K,10,2019-07-28,38.84,2019
